period_label,field,value,unit,basis,geography,statement_type,location,source_id,char_start,char_end,quote,anchor,vintage_role,note
6M_2016-12-31,cash_volume_nominal_us,1169.0,usd_billions,nominal,global,measured,primary,0001403161-17-000028/v33117form10q.htm,1263110,1263115,"1,169",Cash volume,comparative,prior-year column; not a first print (DR-04)
6M_2016-12-31,cash_volume_nominal_us,1483.0,usd_billions,nominal,global,measured,primary,0001403161-17-000028/v33117form10q.htm,1262520,1262525,"1,483",Cash volume,current,
6M_2016-12-31,cash_volume_nominal_us,912.0,usd_billions,nominal,international,measured,primary,0001403161-17-000028/v33117form10q.htm,1261311,1261314,912,Cash volume,comparative,prior-year column; not a first print (DR-04)
6M_2016-12-31,cash_volume_nominal_us,1214.0,usd_billions,nominal,international,measured,primary,0001403161-17-000028/v33117form10q.htm,1260721,1260726,"1,214",Cash volume,current,
6M_2016-12-31,cash_volume_nominal_us,257.0,usd_billions,nominal,us,measured,primary,0001403161-17-000028/v33117form10q.htm,1259513,1259516,257,Cash volume,comparative,prior-year column; not a first print (DR-04)
6M_2016-12-31,cash_volume_nominal_us,269.0,usd_billions,nominal,us,measured,primary,0001403161-17-000028/v33117form10q.htm,1258925,1258928,269,Cash volume,current,
6M_2016-12-31,payments_volume_nominal_us,2570.0,usd_billions,nominal,global,measured,primary,0001403161-17-000028/v33117form10q.htm,1257544,1257549,"2,570",Total nominal payments volume,comparative,prior-year column; not a first print (DR-04)
6M_2016-12-31,payments_volume_nominal_us,3661.0,usd_billions,nominal,global,measured,primary,0001403161-17-000028/v33117form10q.htm,1256565,1256570,"3,661",Total nominal payments volume,current,
6M_2016-12-31,payments_volume_nominal_us,1163.0,usd_billions,nominal,international,measured,primary,0001403161-17-000028/v33117form10q.htm,1254856,1254861,"1,163",Total nominal payments volume,comparative,prior-year column; not a first print (DR-04)
6M_2016-12-31,payments_volume_nominal_us,2090.0,usd_billions,nominal,international,measured,primary,0001403161-17-000028/v33117form10q.htm,1253877,1253882,"2,090",Total nominal payments volume,current,
6M_2016-12-31,payments_volume_nominal_us,1407.0,usd_billions,nominal,us,measured,primary,0001403161-17-000028/v33117form10q.htm,1252168,1252173,"1,407",Total nominal payments volume,comparative,prior-year column; not a first print (DR-04)
6M_2016-12-31,payments_volume_nominal_us,1572.0,usd_billions,nominal,us,measured,primary,0001403161-17-000028/v33117form10q.htm,1251189,1251194,"1,572",Total nominal payments volume,current,
6M_2016-12-31,total_volume_nominal_us,3739.0,usd_billions,nominal,global,measured,primary,0001403161-17-000028/v33117form10q.htm,1271258,1271263,"3,739",Total nominal volume(5),comparative,prior-year column; not a first print (DR-04)
6M_2016-12-31,total_volume_nominal_us,5144.0,usd_billions,nominal,global,measured,primary,0001403161-17-000028/v33117form10q.htm,1270267,1270272,"5,144",Total nominal volume(5),current,
6M_2016-12-31,total_volume_nominal_us,2075.0,usd_billions,nominal,international,measured,primary,0001403161-17-000028/v33117form10q.htm,1268546,1268551,"2,075",Total nominal volume(5),comparative,prior-year column; not a first print (DR-04)
6M_2016-12-31,total_volume_nominal_us,3303.0,usd_billions,nominal,international,measured,primary,0001403161-17-000028/v33117form10q.htm,1267555,1267560,"3,303",Total nominal volume(5),current,
6M_2016-12-31,total_volume_nominal_us,1664.0,usd_billions,nominal,us,measured,primary,0001403161-17-000028/v33117form10q.htm,1265834,1265839,"1,664",Total nominal volume(5),comparative,prior-year column; not a first print (DR-04)
6M_2016-12-31,total_volume_nominal_us,1840.0,usd_billions,nominal,us,measured,primary,0001403161-17-000028/v33117form10q.htm,1264843,1264848,"1,840",Total nominal volume(5),current,
6M_2017-12-31,cash_volume_nominal_us,1450.0,usd_billions,nominal,global,measured,primary,0001403161-18-000020/v33118form10q.htm,1134225,1134230,"1,450",Cash volume,comparative,prior-year column; not a first print (DR-04)
6M_2017-12-31,cash_volume_nominal_us,1497.0,usd_billions,nominal,global,measured,primary,0001403161-18-000020/v33118form10q.htm,1133603,1133608,"1,497",Cash volume,current,
6M_2017-12-31,cash_volume_nominal_us,1181.0,usd_billions,nominal,international,measured,primary,0001403161-18-000020/v33118form10q.htm,1132344,1132349,"1,181",Cash volume,comparative,prior-year column; not a first print (DR-04)
6M_2017-12-31,cash_volume_nominal_us,1218.0,usd_billions,nominal,international,measured,primary,0001403161-18-000020/v33118form10q.htm,1131722,1131727,"1,218",Cash volume,current,
6M_2017-12-31,cash_volume_nominal_us,269.0,usd_billions,nominal,us,measured,primary,0001403161-18-000020/v33118form10q.htm,1130465,1130468,269,Cash volume,comparative,prior-year column; not a first print (DR-04)
6M_2017-12-31,cash_volume_nominal_us,279.0,usd_billions,nominal,us,measured,primary,0001403161-18-000020/v33118form10q.htm,1129845,1129848,279,Cash volume,current,
6M_2017-12-31,payments_volume_nominal_us,3560.0,usd_billions,nominal,global,measured,primary,0001403161-18-000020/v33118form10q.htm,1128449,1128454,"3,560",Total nominal payments volume,comparative,prior-year column; not a first print (DR-04)
6M_2017-12-31,payments_volume_nominal_us,3964.0,usd_billions,nominal,global,measured,primary,0001403161-18-000020/v33118form10q.htm,1127504,1127509,"3,964",Total nominal payments volume,current,
6M_2017-12-31,payments_volume_nominal_us,1988.0,usd_billions,nominal,international,measured,primary,0001403161-18-000020/v33118form10q.htm,1125829,1125834,"1,988",Total nominal payments volume,comparative,prior-year column; not a first print (DR-04)
6M_2017-12-31,payments_volume_nominal_us,2247.0,usd_billions,nominal,international,measured,primary,0001403161-18-000020/v33118form10q.htm,1124884,1124889,"2,247",Total nominal payments volume,current,
6M_2017-12-31,payments_volume_nominal_us,1572.0,usd_billions,nominal,us,measured,primary,0001403161-18-000020/v33118form10q.htm,1123210,1123215,"1,572",Total nominal payments volume,comparative,prior-year column; not a first print (DR-04)
6M_2017-12-31,payments_volume_nominal_us,1717.0,usd_billions,nominal,us,measured,primary,0001403161-18-000020/v33118form10q.htm,1122265,1122270,"1,717",Total nominal payments volume,current,
6M_2017-12-31,total_volume_nominal_us,5010.0,usd_billions,nominal,global,measured,primary,0001403161-18-000020/v33118form10q.htm,1142693,1142698,"5,010",Total nominal volume(6),comparative,prior-year column; not a first print (DR-04)
6M_2017-12-31,total_volume_nominal_us,5461.0,usd_billions,nominal,global,measured,primary,0001403161-18-000020/v33118form10q.htm,1141649,1141654,"5,461",Total nominal volume(6),current,
6M_2017-12-31,total_volume_nominal_us,3169.0,usd_billions,nominal,international,measured,primary,0001403161-18-000020/v33118form10q.htm,1139876,1139881,"3,169",Total nominal volume(6),comparative,prior-year column; not a first print (DR-04)
6M_2017-12-31,total_volume_nominal_us,3465.0,usd_billions,nominal,international,measured,primary,0001403161-18-000020/v33118form10q.htm,1138832,1138837,"3,465",Total nominal volume(6),current,
6M_2017-12-31,total_volume_nominal_us,1841.0,usd_billions,nominal,us,measured,primary,0001403161-18-000020/v33118form10q.htm,1137059,1137064,"1,841",Total nominal volume(6),comparative,prior-year column; not a first print (DR-04)
6M_2017-12-31,total_volume_nominal_us,1996.0,usd_billions,nominal,us,measured,primary,0001403161-18-000020/v33118form10q.htm,1136015,1136020,"1,996",Total nominal volume(6),current,
6M_2018-12-31,cash_volume_nominal_us,1521.0,usd_billions,nominal,global,measured,primary,0001403161-19-000017/v33119form10q.htm,1576750,1576755,"1,521",Cash volume,comparative,prior-year column; not a first print (DR-04)
6M_2018-12-31,cash_volume_nominal_us,1451.0,usd_billions,nominal,global,measured,primary,0001403161-19-000017/v33119form10q.htm,1576128,1576133,"1,451",Cash volume,current,
6M_2018-12-31,cash_volume_nominal_us,1242.0,usd_billions,nominal,international,measured,primary,0001403161-19-000017/v33119form10q.htm,1574867,1574872,"1,242",Cash volume,comparative,prior-year column; not a first print (DR-04)
6M_2018-12-31,cash_volume_nominal_us,1165.0,usd_billions,nominal,international,measured,primary,0001403161-19-000017/v33119form10q.htm,1574245,1574250,"1,165",Cash volume,current,
6M_2018-12-31,cash_volume_nominal_us,279.0,usd_billions,nominal,us,measured,primary,0001403161-19-000017/v33119form10q.htm,1572988,1572991,279,Cash volume,comparative,prior-year column; not a first print (DR-04)
6M_2018-12-31,cash_volume_nominal_us,286.0,usd_billions,nominal,us,measured,primary,0001403161-19-000017/v33119form10q.htm,1572368,1572371,286,Cash volume,current,
6M_2018-12-31,payments_volume_nominal_us,3996.0,usd_billions,nominal,global,measured,primary,0001403161-19-000017/v33119form10q.htm,1570967,1570972,"3,996",Total nominal payments volume,comparative,prior-year column; not a first print (DR-04)
6M_2018-12-31,payments_volume_nominal_us,4310.0,usd_billions,nominal,global,measured,primary,0001403161-19-000017/v33119form10q.htm,1570051,1570056,"4,310",Total nominal payments volume,current,
6M_2018-12-31,payments_volume_nominal_us,2269.0,usd_billions,nominal,international,measured,primary,0001403161-19-000017/v33119form10q.htm,1568429,1568434,"2,269",Total nominal payments volume,comparative,prior-year column; not a first print (DR-04)
6M_2018-12-31,payments_volume_nominal_us,2386.0,usd_billions,nominal,international,measured,primary,0001403161-19-000017/v33119form10q.htm,1567513,1567518,"2,386",Total nominal payments volume,current,
6M_2018-12-31,payments_volume_nominal_us,1726.0,usd_billions,nominal,us,measured,primary,0001403161-19-000017/v33119form10q.htm,1565896,1565901,"1,726",Total nominal payments volume,comparative,prior-year column; not a first print (DR-04)
6M_2018-12-31,payments_volume_nominal_us,1924.0,usd_billions,nominal,us,measured,primary,0001403161-19-000017/v33119form10q.htm,1564980,1564985,"1,924",Total nominal payments volume,current,
6M_2018-12-31,total_volume_nominal_us,5516.0,usd_billions,nominal,global,measured,primary,0001403161-19-000017/v33119form10q.htm,1585227,1585232,"5,516",Total nominal volume(5),comparative,prior-year column; not a first print (DR-04)
6M_2018-12-31,total_volume_nominal_us,5761.0,usd_billions,nominal,global,measured,primary,0001403161-19-000017/v33119form10q.htm,1584183,1584188,"5,761",Total nominal volume(5),current,
6M_2018-12-31,total_volume_nominal_us,3511.0,usd_billions,nominal,international,measured,primary,0001403161-19-000017/v33119form10q.htm,1582404,1582409,"3,511",Total nominal volume(5),comparative,prior-year column; not a first print (DR-04)
6M_2018-12-31,total_volume_nominal_us,3551.0,usd_billions,nominal,international,measured,primary,0001403161-19-000017/v33119form10q.htm,1581360,1581365,"3,551",Total nominal volume(5),current,
6M_2018-12-31,total_volume_nominal_us,2005.0,usd_billions,nominal,us,measured,primary,0001403161-19-000017/v33119form10q.htm,1579586,1579591,"2,005",Total nominal volume(5),comparative,prior-year column; not a first print (DR-04)
6M_2018-12-31,total_volume_nominal_us,2210.0,usd_billions,nominal,us,measured,primary,0001403161-19-000017/v33119form10q.htm,1578542,1578547,"2,210",Total nominal volume(5),current,
6M_2019-12-31,cash_volume_nominal_us,1452.0,usd_billions,nominal,global,measured,primary,0001403161-20-000028/v033120form10q.htm,2041038,2041043,"1,452",Cash volume,comparative,prior-year column; not a first print (DR-04)
6M_2019-12-31,cash_volume_nominal_us,1432.0,usd_billions,nominal,global,measured,primary,0001403161-20-000028/v033120form10q.htm,2040415,2040420,"1,432",Cash volume,current,
6M_2019-12-31,cash_volume_nominal_us,1166.0,usd_billions,nominal,international,measured,primary,0001403161-20-000028/v033120form10q.htm,2039153,2039158,"1,166",Cash volume,comparative,prior-year column; not a first print (DR-04)
6M_2019-12-31,cash_volume_nominal_us,1140.0,usd_billions,nominal,international,measured,primary,0001403161-20-000028/v033120form10q.htm,2038530,2038535,"1,140",Cash volume,current,
6M_2019-12-31,cash_volume_nominal_us,286.0,usd_billions,nominal,us,measured,primary,0001403161-20-000028/v033120form10q.htm,2037272,2037275,286,Cash volume,comparative,prior-year column; not a first print (DR-04)
6M_2019-12-31,cash_volume_nominal_us,292.0,usd_billions,nominal,us,measured,primary,0001403161-20-000028/v033120form10q.htm,2036651,2036654,292,Cash volume,current,
6M_2019-12-31,payments_volume_nominal_us,4305.0,usd_billions,nominal,global,measured,primary,0001403161-20-000028/v033120form10q.htm,2035249,2035254,"4,305",Total nominal payments volume(2),comparative,prior-year column; not a first print (DR-04)
6M_2019-12-31,payments_volume_nominal_us,4631.0,usd_billions,nominal,global,measured,primary,0001403161-20-000028/v033120form10q.htm,2034303,2034308,"4,631",Total nominal payments volume(2),current,
6M_2019-12-31,payments_volume_nominal_us,2380.0,usd_billions,nominal,international,measured,primary,0001403161-20-000028/v033120form10q.htm,2032622,2032627,"2,380",Total nominal payments volume(2),comparative,prior-year column; not a first print (DR-04)
6M_2019-12-31,payments_volume_nominal_us,2552.0,usd_billions,nominal,international,measured,primary,0001403161-20-000028/v033120form10q.htm,2031676,2031681,"2,552",Total nominal payments volume(2),current,
6M_2019-12-31,payments_volume_nominal_us,1925.0,usd_billions,nominal,us,measured,primary,0001403161-20-000028/v033120form10q.htm,2030001,2030006,"1,925",Total nominal payments volume(2),comparative,prior-year column; not a first print (DR-04)
6M_2019-12-31,payments_volume_nominal_us,2079.0,usd_billions,nominal,us,measured,primary,0001403161-20-000028/v033120form10q.htm,2029055,2029060,"2,079",Total nominal payments volume(2),current,
6M_2019-12-31,total_volume_nominal_us,5757.0,usd_billions,nominal,global,measured,primary,0001403161-20-000028/v033120form10q.htm,2049524,2049529,"5,757","Total nominal volume(2),(5)",comparative,prior-year column; not a first print (DR-04)
6M_2019-12-31,total_volume_nominal_us,6063.0,usd_billions,nominal,global,measured,primary,0001403161-20-000028/v033120form10q.htm,2048479,2048484,"6,063","Total nominal volume(2),(5)",current,
6M_2019-12-31,total_volume_nominal_us,3546.0,usd_billions,nominal,international,measured,primary,0001403161-20-000028/v033120form10q.htm,2046699,2046704,"3,546","Total nominal volume(2),(5)",comparative,prior-year column; not a first print (DR-04)
6M_2019-12-31,total_volume_nominal_us,3692.0,usd_billions,nominal,international,measured,primary,0001403161-20-000028/v033120form10q.htm,2045654,2045659,"3,692","Total nominal volume(2),(5)",current,
6M_2019-12-31,total_volume_nominal_us,2211.0,usd_billions,nominal,us,measured,primary,0001403161-20-000028/v033120form10q.htm,2043880,2043885,"2,211","Total nominal volume(2),(5)",comparative,prior-year column; not a first print (DR-04)
6M_2019-12-31,total_volume_nominal_us,2371.0,usd_billions,nominal,us,measured,primary,0001403161-20-000028/v033120form10q.htm,2042835,2042840,"2,371","Total nominal volume(2),(5)",current,
6M_2020-12-31,cash_volume_nominal_us,1288.0,usd_billions,nominal,global,measured,primary,0001403161-21-000029/v-20210331.htm,1924667,1924672,"1,288",Cash volume,comparative,prior-year column; not a first print (DR-04)
6M_2020-12-31,cash_volume_nominal_us,-14.0,usd_billions,nominal,global,measured,primary,0001403161-21-000029/v-20210331.htm,1924148,1924152,(14),Cash volume,current,
6M_2020-12-31,cash_volume_nominal_us,1141.0,usd_billions,nominal,international,measured,primary,0001403161-21-000029/v-20210331.htm,1923737,1923742,"1,141",Cash volume,comparative,prior-year column; not a first print (DR-04)
6M_2020-12-31,cash_volume_nominal_us,980.0,usd_billions,nominal,international,measured,primary,0001403161-21-000029/v-20210331.htm,1923214,1923217,980,Cash volume,current,
6M_2020-12-31,cash_volume_nominal_us,292.0,usd_billions,nominal,us,measured,primary,0001403161-21-000029/v-20210331.htm,1922283,1922286,292,Cash volume,comparative,prior-year column; not a first print (DR-04)
6M_2020-12-31,cash_volume_nominal_us,308.0,usd_billions,nominal,us,measured,primary,0001403161-21-000029/v-20210331.htm,1921760,1921763,308,Cash volume,current,
6M_2020-12-31,payments_volume_nominal_us,4628.0,usd_billions,nominal,global,measured,primary,0001403161-21-000029/v-20210331.htm,1920628,1920633,"4,628",Total nominal payments volume(2),comparative,prior-year column; not a first print (DR-04)
6M_2020-12-31,payments_volume_nominal_us,4824.0,usd_billions,nominal,global,measured,primary,0001403161-21-000029/v-20210331.htm,1919822,1919827,"4,824",Total nominal payments volume(2),current,
6M_2020-12-31,payments_volume_nominal_us,2553.0,usd_billions,nominal,international,measured,primary,0001403161-21-000029/v-20210331.htm,1918611,1918616,"2,553",Total nominal payments volume(2),comparative,prior-year column; not a first print (DR-04)
6M_2020-12-31,payments_volume_nominal_us,2587.0,usd_billions,nominal,international,measured,primary,0001403161-21-000029/v-20210331.htm,1917805,1917810,"2,587",Total nominal payments volume(2),current,
6M_2020-12-31,payments_volume_nominal_us,2075.0,usd_billions,nominal,us,measured,primary,0001403161-21-000029/v-20210331.htm,1916594,1916599,"2,075",Total nominal payments volume(2),comparative,prior-year column; not a first print (DR-04)
6M_2020-12-31,payments_volume_nominal_us,2237.0,usd_billions,nominal,us,measured,primary,0001403161-21-000029/v-20210331.htm,1915788,1915793,"2,237",Total nominal payments volume(2),current,
6M_2020-12-31,total_volume_nominal_us,6112.0,usd_billions,nominal,global,measured,primary,0001403161-21-000029/v-20210331.htm,1931213,1931218,"6,112","Total nominal volume(2),(5)",comparative,prior-year column; not a first print (DR-04)
6M_2020-12-31,total_volume_nominal_us,-3.0,usd_billions,nominal,global,measured,primary,0001403161-21-000029/v-20210331.htm,1930380,1930383,(3),"Total nominal volume(2),(5)",current,
6M_2020-12-31,total_volume_nominal_us,3694.0,usd_billions,nominal,international,measured,primary,0001403161-21-000029/v-20210331.htm,1929910,1929915,"3,694","Total nominal volume(2),(5)",comparative,prior-year column; not a first print (DR-04)
6M_2020-12-31,total_volume_nominal_us,3568.0,usd_billions,nominal,international,measured,primary,0001403161-21-000029/v-20210331.htm,1929011,1929016,"3,568","Total nominal volume(2),(5)",current,
6M_2020-12-31,total_volume_nominal_us,2367.0,usd_billions,nominal,us,measured,primary,0001403161-21-000029/v-20210331.htm,1927704,1927709,"2,367","Total nominal volume(2),(5)",comparative,prior-year column; not a first print (DR-04)
6M_2020-12-31,total_volume_nominal_us,2544.0,usd_billions,nominal,us,measured,primary,0001403161-21-000029/v-20210331.htm,1926805,1926810,"2,544","Total nominal volume(2),(5)",current,
6M_2021-12-31,cash_volume_nominal_us,1287.0,usd_billions,nominal,global,measured,primary,0001403161-22-000027/v-20220331.htm,2073790,2073795,"1,287",Cash volume(5),comparative,prior-year column; not a first print (DR-04)
6M_2021-12-31,cash_volume_nominal_us,1342.0,usd_billions,nominal,global,measured,primary,0001403161-22-000027/v-20220331.htm,2073265,2073270,"1,342",Cash volume(5),current,
6M_2021-12-31,cash_volume_nominal_us,979.0,usd_billions,nominal,international,measured,primary,0001403161-22-000027/v-20220331.htm,2072334,2072337,979,Cash volume(5),comparative,prior-year column; not a first print (DR-04)
6M_2021-12-31,cash_volume_nominal_us,1011.0,usd_billions,nominal,international,measured,primary,0001403161-22-000027/v-20220331.htm,2071809,2071814,"1,011",Cash volume(5),current,
6M_2021-12-31,cash_volume_nominal_us,308.0,usd_billions,nominal,us,measured,primary,0001403161-22-000027/v-20220331.htm,2070878,2070881,308,Cash volume(5),comparative,prior-year column; not a first print (DR-04)
6M_2021-12-31,cash_volume_nominal_us,332.0,usd_billions,nominal,us,measured,primary,0001403161-22-000027/v-20220331.htm,2070355,2070358,332,Cash volume(5),current,
6M_2021-12-31,payments_volume_nominal_us,4825.0,usd_billions,nominal,global,measured,primary,0001403161-22-000027/v-20220331.htm,2069040,2069045,"4,825",Total nominal payments volume(2),comparative,prior-year column; not a first print (DR-04)
6M_2021-12-31,payments_volume_nominal_us,5747.0,usd_billions,nominal,global,measured,primary,0001403161-22-000027/v-20220331.htm,2068234,2068239,"5,747",Total nominal payments volume(2),current,
6M_2021-12-31,payments_volume_nominal_us,2589.0,usd_billions,nominal,international,measured,primary,0001403161-22-000027/v-20220331.htm,2067022,2067027,"2,589",Total nominal payments volume(2),comparative,prior-year column; not a first print (DR-04)
6M_2021-12-31,payments_volume_nominal_us,3028.0,usd_billions,nominal,international,measured,primary,0001403161-22-000027/v-20220331.htm,2066216,2066221,"3,028",Total nominal payments volume(2),current,
6M_2021-12-31,payments_volume_nominal_us,2237.0,usd_billions,nominal,us,measured,primary,0001403161-22-000027/v-20220331.htm,2065004,2065009,"2,237",Total nominal payments volume(2),comparative,prior-year column; not a first print (DR-04)
6M_2021-12-31,payments_volume_nominal_us,2719.0,usd_billions,nominal,us,measured,primary,0001403161-22-000027/v-20220331.htm,2064198,2064203,"2,719",Total nominal payments volume(2),current,
6M_2021-12-31,total_volume_nominal_us,6112.0,usd_billions,nominal,global,measured,primary,0001403161-22-000027/v-20220331.htm,2080719,2080724,"6,112","Total nominal volume(2),(6)",comparative,prior-year column; not a first print (DR-04)
6M_2021-12-31,total_volume_nominal_us,7089.0,usd_billions,nominal,global,measured,primary,0001403161-22-000027/v-20220331.htm,2079820,2079825,"7,089","Total nominal volume(2),(6)",current,
6M_2021-12-31,total_volume_nominal_us,3567.0,usd_billions,nominal,international,measured,primary,0001403161-22-000027/v-20220331.htm,2078512,2078517,"3,567","Total nominal volume(2),(6)",comparative,prior-year column; not a first print (DR-04)
6M_2021-12-31,total_volume_nominal_us,4039.0,usd_billions,nominal,international,measured,primary,0001403161-22-000027/v-20220331.htm,2077613,2077618,"4,039","Total nominal volume(2),(6)",current,
6M_2021-12-31,total_volume_nominal_us,2545.0,usd_billions,nominal,us,measured,primary,0001403161-22-000027/v-20220331.htm,2076305,2076310,"2,545","Total nominal volume(2),(6)",comparative,prior-year column; not a first print (DR-04)
6M_2021-12-31,total_volume_nominal_us,3050.0,usd_billions,nominal,us,measured,primary,0001403161-22-000027/v-20220331.htm,2075406,2075411,"3,050","Total nominal volume(2),(6)",current,
6M_2022-12-31,cash_volume_nominal_us,1342.0,usd_billions,nominal,global,measured,primary,0001403161-23-000031/v-20230331.htm,1954860,1954865,"1,342",Cash volume(5),comparative,prior-year column; not a first print (DR-04)
6M_2022-12-31,cash_volume_nominal_us,1223.0,usd_billions,nominal,global,measured,primary,0001403161-23-000031/v-20230331.htm,1954335,1954340,"1,223",Cash volume(5),current,
6M_2022-12-31,cash_volume_nominal_us,1011.0,usd_billions,nominal,international,measured,primary,0001403161-23-000031/v-20230331.htm,1953401,1953406,"1,011",Cash volume(5),comparative,prior-year column; not a first print (DR-04)
6M_2022-12-31,cash_volume_nominal_us,918.0,usd_billions,nominal,international,measured,primary,0001403161-23-000031/v-20230331.htm,1952878,1952881,918,Cash volume(5),current,
6M_2022-12-31,cash_volume_nominal_us,332.0,usd_billions,nominal,us,measured,primary,0001403161-23-000031/v-20230331.htm,1951946,1951949,332,Cash volume(5),comparative,prior-year column; not a first print (DR-04)
6M_2022-12-31,cash_volume_nominal_us,305.0,usd_billions,nominal,us,measured,primary,0001403161-23-000031/v-20230331.htm,1951423,1951426,305,Cash volume(5),current,
6M_2022-12-31,payments_volume_nominal_us,5752.0,usd_billions,nominal,global,measured,primary,0001403161-23-000031/v-20230331.htm,1950109,1950114,"5,752",Total nominal payments volume(2),comparative,prior-year column; not a first print (DR-04)
6M_2022-12-31,payments_volume_nominal_us,5949.0,usd_billions,nominal,global,measured,primary,0001403161-23-000031/v-20230331.htm,1949303,1949308,"5,949",Total nominal payments volume(2),current,
6M_2022-12-31,payments_volume_nominal_us,3031.0,usd_billions,nominal,international,measured,primary,0001403161-23-000031/v-20230331.htm,1948091,1948096,"3,031",Total nominal payments volume(2),comparative,prior-year column; not a first print (DR-04)
6M_2022-12-31,payments_volume_nominal_us,2947.0,usd_billions,nominal,international,measured,primary,0001403161-23-000031/v-20230331.htm,1947285,1947290,"2,947",Total nominal payments volume(2),current,
6M_2022-12-31,payments_volume_nominal_us,2721.0,usd_billions,nominal,us,measured,primary,0001403161-23-000031/v-20230331.htm,1946073,1946078,"2,721",Total nominal payments volume(2),comparative,prior-year column; not a first print (DR-04)
6M_2022-12-31,payments_volume_nominal_us,3002.0,usd_billions,nominal,us,measured,primary,0001403161-23-000031/v-20230331.htm,1945267,1945272,"3,002",Total nominal payments volume(2),current,
6M_2022-12-31,total_volume_nominal_us,7094.0,usd_billions,nominal,global,measured,primary,0001403161-23-000031/v-20230331.htm,1961789,1961794,"7,094","Total nominal volume(2),(6)",comparative,prior-year column; not a first print (DR-04)
6M_2022-12-31,total_volume_nominal_us,7172.0,usd_billions,nominal,global,measured,primary,0001403161-23-000031/v-20230331.htm,1960890,1960895,"7,172","Total nominal volume(2),(6)",current,
6M_2022-12-31,total_volume_nominal_us,4041.0,usd_billions,nominal,international,measured,primary,0001403161-23-000031/v-20230331.htm,1959582,1959587,"4,041","Total nominal volume(2),(6)",comparative,prior-year column; not a first print (DR-04)
6M_2022-12-31,total_volume_nominal_us,3865.0,usd_billions,nominal,international,measured,primary,0001403161-23-000031/v-20230331.htm,1958683,1958688,"3,865","Total nominal volume(2),(6)",current,
6M_2022-12-31,total_volume_nominal_us,3053.0,usd_billions,nominal,us,measured,primary,0001403161-23-000031/v-20230331.htm,1957376,1957381,"3,053","Total nominal volume(2),(6)",comparative,prior-year column; not a first print (DR-04)
6M_2022-12-31,total_volume_nominal_us,3307.0,usd_billions,nominal,us,measured,primary,0001403161-23-000031/v-20230331.htm,1956477,1956482,"3,307","Total nominal volume(2),(6)",current,
6M_2023-12-31,cash_volume_nominal_us,1223.0,usd_billions,nominal,global,measured,primary,0001403161-24-000030/v-20240331.htm,1493649,1493654,"1,223",Cash volume(5),comparative,prior-year column; not a first print (DR-04)
6M_2023-12-31,cash_volume_nominal_us,1263.0,usd_billions,nominal,global,measured,primary,0001403161-24-000030/v-20240331.htm,1493132,1493137,"1,263",Cash volume(5),current,
6M_2023-12-31,cash_volume_nominal_us,917.0,usd_billions,nominal,international,measured,primary,0001403161-24-000030/v-20240331.htm,1492214,1492217,917,Cash volume(5),comparative,prior-year column; not a first print (DR-04)
6M_2023-12-31,cash_volume_nominal_us,959.0,usd_billions,nominal,international,measured,primary,0001403161-24-000030/v-20240331.htm,1491699,1491702,959,Cash volume(5),current,
6M_2023-12-31,cash_volume_nominal_us,306.0,usd_billions,nominal,us,measured,primary,0001403161-24-000030/v-20240331.htm,1490779,1490782,306,Cash volume(5),comparative,prior-year column; not a first print (DR-04)
6M_2023-12-31,cash_volume_nominal_us,304.0,usd_billions,nominal,us,measured,primary,0001403161-24-000030/v-20240331.htm,1490264,1490267,304,Cash volume(5),current,
6M_2023-12-31,payments_volume_nominal_us,5952.0,usd_billions,nominal,global,measured,primary,0001403161-24-000030/v-20240331.htm,1488959,1488964,"5,952",Total nominal payments volume(2),comparative,prior-year column; not a first print (DR-04)
6M_2023-12-31,payments_volume_nominal_us,6482.0,usd_billions,nominal,global,measured,primary,0001403161-24-000030/v-20240331.htm,1488161,1488166,"6,482",Total nominal payments volume(2),current,
6M_2023-12-31,payments_volume_nominal_us,2951.0,usd_billions,nominal,international,measured,primary,0001403161-24-000030/v-20240331.htm,1486962,1486967,"2,951",Total nominal payments volume(2),comparative,prior-year column; not a first print (DR-04)
6M_2023-12-31,payments_volume_nominal_us,3310.0,usd_billions,nominal,international,measured,primary,0001403161-24-000030/v-20240331.htm,1486164,1486169,"3,310",Total nominal payments volume(2),current,
6M_2023-12-31,payments_volume_nominal_us,3002.0,usd_billions,nominal,us,measured,primary,0001403161-24-000030/v-20240331.htm,1484966,1484971,"3,002",Total nominal payments volume(2),comparative,prior-year column; not a first print (DR-04)
6M_2023-12-31,payments_volume_nominal_us,3172.0,usd_billions,nominal,us,measured,primary,0001403161-24-000030/v-20240331.htm,1484168,1484173,"3,172",Total nominal payments volume(2),current,
6M_2023-12-31,total_volume_nominal_us,7175.0,usd_billions,nominal,global,measured,primary,0001403161-24-000030/v-20240331.htm,1500518,1500523,"7,175","Total nominal volume(2),(6)",comparative,prior-year column; not a first print (DR-04)
6M_2023-12-31,total_volume_nominal_us,7745.0,usd_billions,nominal,global,measured,primary,0001403161-24-000030/v-20240331.htm,1499627,1499632,"7,745","Total nominal volume(2),(6)",current,
6M_2023-12-31,total_volume_nominal_us,3868.0,usd_billions,nominal,international,measured,primary,0001403161-24-000030/v-20240331.htm,1498332,1498337,"3,868","Total nominal volume(2),(6)",comparative,prior-year column; not a first print (DR-04)
6M_2023-12-31,total_volume_nominal_us,4269.0,usd_billions,nominal,international,measured,primary,0001403161-24-000030/v-20240331.htm,1497441,1497446,"4,269","Total nominal volume(2),(6)",current,
6M_2023-12-31,total_volume_nominal_us,3308.0,usd_billions,nominal,us,measured,primary,0001403161-24-000030/v-20240331.htm,1496147,1496152,"3,308","Total nominal volume(2),(6)",comparative,prior-year column; not a first print (DR-04)
6M_2023-12-31,total_volume_nominal_us,3476.0,usd_billions,nominal,us,measured,primary,0001403161-24-000030/v-20240331.htm,1495256,1495261,"3,476","Total nominal volume(2),(6)",current,
6M_2024-12-31,cash_volume_nominal_us,1267.0,usd_billions,nominal,global,measured,primary,0001403161-25-000037/v-20250331.htm,1511510,1511515,"1,267",Cash volume(5),comparative,prior-year column; not a first print (DR-04)
6M_2024-12-31,cash_volume_nominal_us,1255.0,usd_billions,nominal,global,measured,primary,0001403161-25-000037/v-20250331.htm,1510993,1510998,"1,255",Cash volume(5),current,
6M_2024-12-31,cash_volume_nominal_us,962.0,usd_billions,nominal,international,measured,primary,0001403161-25-000037/v-20250331.htm,1510073,1510076,962,Cash volume(5),comparative,prior-year column; not a first print (DR-04)
6M_2024-12-31,cash_volume_nominal_us,955.0,usd_billions,nominal,international,measured,primary,0001403161-25-000037/v-20250331.htm,1509558,1509561,955,Cash volume(5),current,
6M_2024-12-31,cash_volume_nominal_us,305.0,usd_billions,nominal,us,measured,primary,0001403161-25-000037/v-20250331.htm,1508638,1508641,305,Cash volume(5),comparative,prior-year column; not a first print (DR-04)
6M_2024-12-31,cash_volume_nominal_us,300.0,usd_billions,nominal,us,measured,primary,0001403161-25-000037/v-20250331.htm,1508123,1508126,300,Cash volume(5),current,
6M_2024-12-31,payments_volume_nominal_us,6487.0,usd_billions,nominal,global,measured,primary,0001403161-25-000037/v-20250331.htm,1506818,1506823,"6,487",Total nominal payments volume(2),comparative,prior-year column; not a first print (DR-04)
6M_2024-12-31,payments_volume_nominal_us,6931.0,usd_billions,nominal,global,measured,primary,0001403161-25-000037/v-20250331.htm,1506020,1506025,"6,931",Total nominal payments volume(2),current,
6M_2024-12-31,payments_volume_nominal_us,3313.0,usd_billions,nominal,international,measured,primary,0001403161-25-000037/v-20250331.htm,1504822,1504827,"3,313",Total nominal payments volume(2),comparative,prior-year column; not a first print (DR-04)
6M_2024-12-31,payments_volume_nominal_us,3562.0,usd_billions,nominal,international,measured,primary,0001403161-25-000037/v-20250331.htm,1504024,1504029,"3,562",Total nominal payments volume(2),current,
6M_2024-12-31,payments_volume_nominal_us,3174.0,usd_billions,nominal,us,measured,primary,0001403161-25-000037/v-20250331.htm,1502826,1502831,"3,174",Total nominal payments volume(2),comparative,prior-year column; not a first print (DR-04)
6M_2024-12-31,payments_volume_nominal_us,3369.0,usd_billions,nominal,us,measured,primary,0001403161-25-000037/v-20250331.htm,1502028,1502033,"3,369",Total nominal payments volume(2),current,
6M_2024-12-31,total_volume_nominal_us,7754.0,usd_billions,nominal,global,measured,primary,0001403161-25-000037/v-20250331.htm,1518380,1518385,"7,754","Total nominal volume(2),(6)",comparative,prior-year column; not a first print (DR-04)
6M_2024-12-31,total_volume_nominal_us,8186.0,usd_billions,nominal,global,measured,primary,0001403161-25-000037/v-20250331.htm,1517489,1517494,"8,186","Total nominal volume(2),(6)",current,
6M_2024-12-31,total_volume_nominal_us,4275.0,usd_billions,nominal,international,measured,primary,0001403161-25-000037/v-20250331.htm,1516195,1516200,"4,275","Total nominal volume(2),(6)",comparative,prior-year column; not a first print (DR-04)
6M_2024-12-31,total_volume_nominal_us,4517.0,usd_billions,nominal,international,measured,primary,0001403161-25-000037/v-20250331.htm,1515304,1515309,"4,517","Total nominal volume(2),(6)",current,
6M_2024-12-31,total_volume_nominal_us,3479.0,usd_billions,nominal,us,measured,primary,0001403161-25-000037/v-20250331.htm,1514010,1514015,"3,479","Total nominal volume(2),(6)",comparative,prior-year column; not a first print (DR-04)
6M_2024-12-31,total_volume_nominal_us,3669.0,usd_billions,nominal,us,measured,primary,0001403161-25-000037/v-20250331.htm,1513119,1513124,"3,669","Total nominal volume(2),(6)",current,
6M_2025-12-31,cash_volume_nominal_us,1259.0,usd_billions,nominal,global,measured,primary,0001403161-26-000079/v-20260331.htm,1430034,1430039,"1,259",Cash volume(5),comparative,prior-year column; not a first print (DR-04)
6M_2025-12-31,cash_volume_nominal_us,1303.0,usd_billions,nominal,global,measured,primary,0001403161-26-000079/v-20260331.htm,1429517,1429522,"1,303",Cash volume(5),current,
6M_2025-12-31,cash_volume_nominal_us,958.0,usd_billions,nominal,international,measured,primary,0001403161-26-000079/v-20260331.htm,1429116,1429119,958,Cash volume(5),comparative,prior-year column; not a first print (DR-04)
6M_2025-12-31,cash_volume_nominal_us,1001.0,usd_billions,nominal,international,measured,primary,0001403161-26-000079/v-20260331.htm,1428599,1428604,"1,001",Cash volume(5),current,
6M_2025-12-31,cash_volume_nominal_us,300.0,usd_billions,nominal,us,measured,primary,0001403161-26-000079/v-20260331.htm,1428198,1428201,300,Cash volume(5),comparative,prior-year column; not a first print (DR-04)
6M_2025-12-31,cash_volume_nominal_us,302.0,usd_billions,nominal,us,measured,primary,0001403161-26-000079/v-20260331.htm,1427683,1427686,302,Cash volume(5),current,
6M_2025-12-31,payments_volume_nominal_us,6934.0,usd_billions,nominal,global,measured,primary,0001403161-26-000079/v-20260331.htm,1426895,1426900,"6,934",Total nominal payments volume(4),comparative,prior-year column; not a first print (DR-04)
6M_2025-12-31,payments_volume_nominal_us,7601.0,usd_billions,nominal,global,measured,primary,0001403161-26-000079/v-20260331.htm,1426097,1426102,"7,601",Total nominal payments volume(4),current,
6M_2025-12-31,payments_volume_nominal_us,3565.0,usd_billions,nominal,international,measured,primary,0001403161-26-000079/v-20260331.htm,1425416,1425421,"3,565",Total nominal payments volume(4),comparative,prior-year column; not a first print (DR-04)
6M_2025-12-31,payments_volume_nominal_us,3991.0,usd_billions,nominal,international,measured,primary,0001403161-26-000079/v-20260331.htm,1424618,1424623,"3,991",Total nominal payments volume(4),current,
6M_2025-12-31,payments_volume_nominal_us,3370.0,usd_billions,nominal,us,measured,primary,0001403161-26-000079/v-20260331.htm,1423937,1423942,"3,370",Total nominal payments volume(4),comparative,prior-year column; not a first print (DR-04)
6M_2025-12-31,payments_volume_nominal_us,3610.0,usd_billions,nominal,us,measured,primary,0001403161-26-000079/v-20260331.htm,1423139,1423144,"3,610",Total nominal payments volume(4),current,
6M_2025-12-31,total_volume_nominal_us,8193.0,usd_billions,nominal,global,measured,primary,0001403161-26-000079/v-20260331.htm,1435351,1435356,"8,193","Total nominal volume(4),(6)",comparative,prior-year column; not a first print (DR-04)
6M_2025-12-31,total_volume_nominal_us,8904.0,usd_billions,nominal,global,measured,primary,0001403161-26-000079/v-20260331.htm,1434460,1434465,"8,904","Total nominal volume(4),(6)",current,
6M_2025-12-31,total_volume_nominal_us,4523.0,usd_billions,nominal,international,measured,primary,0001403161-26-000079/v-20260331.htm,1433683,1433688,"4,523","Total nominal volume(4),(6)",comparative,prior-year column; not a first print (DR-04)
6M_2025-12-31,total_volume_nominal_us,4992.0,usd_billions,nominal,international,measured,primary,0001403161-26-000079/v-20260331.htm,1432792,1432797,"4,992","Total nominal volume(4),(6)",current,
6M_2025-12-31,total_volume_nominal_us,3670.0,usd_billions,nominal,us,measured,primary,0001403161-26-000079/v-20260331.htm,1432015,1432020,"3,670","Total nominal volume(4),(6)",comparative,prior-year column; not a first print (DR-04)
6M_2025-12-31,total_volume_nominal_us,3913.0,usd_billions,nominal,us,measured,primary,0001403161-26-000079/v-20260331.htm,1431124,1431129,"3,913","Total nominal volume(4),(6)",current,
9M_2017-03-31,cash_volume_nominal_us,1710.0,usd_billions,nominal,global,measured,primary,0001403161-17-000037/v63017form10q.htm,1274208,1274213,"1,710",Cash volume,comparative,prior-year column; not a first print (DR-04)
9M_2017-03-31,cash_volume_nominal_us,2168.0,usd_billions,nominal,global,measured,primary,0001403161-17-000037/v63017form10q.htm,1273618,1273623,"2,168",Cash volume,current,
9M_2017-03-31,cash_volume_nominal_us,1324.0,usd_billions,nominal,international,measured,primary,0001403161-17-000037/v63017form10q.htm,1272407,1272412,"1,324",Cash volume,comparative,prior-year column; not a first print (DR-04)
9M_2017-03-31,cash_volume_nominal_us,1766.0,usd_billions,nominal,international,measured,primary,0001403161-17-000037/v63017form10q.htm,1271817,1271822,"1,766",Cash volume,current,
9M_2017-03-31,cash_volume_nominal_us,386.0,usd_billions,nominal,us,measured,primary,0001403161-17-000037/v63017form10q.htm,1270609,1270612,386,Cash volume,comparative,prior-year column; not a first print (DR-04)
9M_2017-03-31,cash_volume_nominal_us,402.0,usd_billions,nominal,us,measured,primary,0001403161-17-000037/v63017form10q.htm,1270021,1270024,402,Cash volume,current,
9M_2017-03-31,payments_volume_nominal_us,3822.0,usd_billions,nominal,global,measured,primary,0001403161-17-000037/v63017form10q.htm,1268640,1268645,"3,822",Total nominal payments volume,comparative,prior-year column; not a first print (DR-04)
9M_2017-03-31,payments_volume_nominal_us,5398.0,usd_billions,nominal,global,measured,primary,0001403161-17-000037/v63017form10q.htm,1267661,1267666,"5,398",Total nominal payments volume,current,
9M_2017-03-31,payments_volume_nominal_us,1721.0,usd_billions,nominal,international,measured,primary,0001403161-17-000037/v63017form10q.htm,1265952,1265957,"1,721",Total nominal payments volume,comparative,prior-year column; not a first print (DR-04)
9M_2017-03-31,payments_volume_nominal_us,3050.0,usd_billions,nominal,international,measured,primary,0001403161-17-000037/v63017form10q.htm,1264973,1264978,"3,050",Total nominal payments volume,current,
9M_2017-03-31,payments_volume_nominal_us,2101.0,usd_billions,nominal,us,measured,primary,0001403161-17-000037/v63017form10q.htm,1263264,1263269,"2,101",Total nominal payments volume,comparative,prior-year column; not a first print (DR-04)
9M_2017-03-31,payments_volume_nominal_us,2348.0,usd_billions,nominal,us,measured,primary,0001403161-17-000037/v63017form10q.htm,1262285,1262290,"2,348",Total nominal payments volume,current,
9M_2017-03-31,total_volume_nominal_us,5531.0,usd_billions,nominal,global,measured,primary,0001403161-17-000037/v63017form10q.htm,1282849,1282854,"5,531",Total nominal volume(5),comparative,prior-year column; not a first print (DR-04)
9M_2017-03-31,total_volume_nominal_us,7565.0,usd_billions,nominal,global,measured,primary,0001403161-17-000037/v63017form10q.htm,1281771,1281776,"7,565",Total nominal volume(5),current,
9M_2017-03-31,total_volume_nominal_us,3045.0,usd_billions,nominal,international,measured,primary,0001403161-17-000037/v63017form10q.htm,1279963,1279968,"3,045",Total nominal volume(5),comparative,prior-year column; not a first print (DR-04)
9M_2017-03-31,total_volume_nominal_us,4816.0,usd_billions,nominal,international,measured,primary,0001403161-17-000037/v63017form10q.htm,1278885,1278890,"4,816",Total nominal volume(5),current,
9M_2017-03-31,total_volume_nominal_us,2486.0,usd_billions,nominal,us,measured,primary,0001403161-17-000037/v63017form10q.htm,1277077,1277082,"2,486",Total nominal volume(5),comparative,prior-year column; not a first print (DR-04)
9M_2017-03-31,total_volume_nominal_us,2750.0,usd_billions,nominal,us,measured,primary,0001403161-17-000037/v63017form10q.htm,1275999,1276004,"2,750",Total nominal volume(5),current,
9M_2018-03-31,cash_volume_nominal_us,2135.0,usd_billions,nominal,global,measured,primary,0001403161-18-000034/v63018form10q.htm,1169680,1169685,"2,135",Cash volume,comparative,prior-year column; not a first print (DR-04)
9M_2018-03-31,cash_volume_nominal_us,2221.0,usd_billions,nominal,global,measured,primary,0001403161-18-000034/v63018form10q.htm,1169058,1169063,"2,221",Cash volume,current,
9M_2018-03-31,cash_volume_nominal_us,1732.0,usd_billions,nominal,international,measured,primary,0001403161-18-000034/v63018form10q.htm,1167799,1167804,"1,732",Cash volume,comparative,prior-year column; not a first print (DR-04)
9M_2018-03-31,cash_volume_nominal_us,1803.0,usd_billions,nominal,international,measured,primary,0001403161-18-000034/v63018form10q.htm,1167177,1167182,"1,803",Cash volume,current,
9M_2018-03-31,cash_volume_nominal_us,402.0,usd_billions,nominal,us,measured,primary,0001403161-18-000034/v63018form10q.htm,1165920,1165923,402,Cash volume,comparative,prior-year column; not a first print (DR-04)
9M_2018-03-31,cash_volume_nominal_us,418.0,usd_billions,nominal,us,measured,primary,0001403161-18-000034/v63018form10q.htm,1165300,1165303,418,Cash volume,current,
9M_2018-03-31,payments_volume_nominal_us,5296.0,usd_billions,nominal,global,measured,primary,0001403161-18-000034/v63018form10q.htm,1163904,1163909,"5,296",Total nominal payments volume,comparative,prior-year column; not a first print (DR-04)
9M_2018-03-31,payments_volume_nominal_us,5962.0,usd_billions,nominal,global,measured,primary,0001403161-18-000034/v63018form10q.htm,1162988,1162993,"5,962",Total nominal payments volume,current,
9M_2018-03-31,payments_volume_nominal_us,2948.0,usd_billions,nominal,international,measured,primary,0001403161-18-000034/v63018form10q.htm,1161371,1161376,"2,948",Total nominal payments volume,comparative,prior-year column; not a first print (DR-04)
9M_2018-03-31,payments_volume_nominal_us,3390.0,usd_billions,nominal,international,measured,primary,0001403161-18-000034/v63018form10q.htm,1160455,1160460,"3,390",Total nominal payments volume,current,
9M_2018-03-31,payments_volume_nominal_us,2348.0,usd_billions,nominal,us,measured,primary,0001403161-18-000034/v63018form10q.htm,1158838,1158843,"2,348",Total nominal payments volume,comparative,prior-year column; not a first print (DR-04)
9M_2018-03-31,payments_volume_nominal_us,2572.0,usd_billions,nominal,us,measured,primary,0001403161-18-000034/v63018form10q.htm,1157922,1157927,"2,572",Total nominal payments volume,current,
9M_2018-03-31,total_volume_nominal_us,7431.0,usd_billions,nominal,global,measured,primary,0001403161-18-000034/v63018form10q.htm,1178149,1178154,"7,431",Total nominal volume(6),comparative,prior-year column; not a first print (DR-04)
9M_2018-03-31,total_volume_nominal_us,8183.0,usd_billions,nominal,global,measured,primary,0001403161-18-000034/v63018form10q.htm,1177105,1177110,"8,183",Total nominal volume(6),current,
9M_2018-03-31,total_volume_nominal_us,4681.0,usd_billions,nominal,international,measured,primary,0001403161-18-000034/v63018form10q.htm,1175331,1175336,"4,681",Total nominal volume(6),comparative,prior-year column; not a first print (DR-04)
9M_2018-03-31,total_volume_nominal_us,5193.0,usd_billions,nominal,international,measured,primary,0001403161-18-000034/v63018form10q.htm,1174287,1174292,"5,193",Total nominal volume(6),current,
9M_2018-03-31,total_volume_nominal_us,2750.0,usd_billions,nominal,us,measured,primary,0001403161-18-000034/v63018form10q.htm,1172514,1172519,"2,750",Total nominal volume(6),comparative,prior-year column; not a first print (DR-04)
9M_2018-03-31,total_volume_nominal_us,2990.0,usd_billions,nominal,us,measured,primary,0001403161-18-000034/v63018form10q.htm,1171470,1171475,"2,990",Total nominal volume(6),current,
9M_2019-03-31,cash_volume_nominal_us,2258.0,usd_billions,nominal,global,measured,primary,0001403161-19-000030/v63019form10q.htm,2189492,2189497,"2,258",Cash volume,comparative,prior-year column; not a first print (DR-04)
9M_2019-03-31,cash_volume_nominal_us,2132.0,usd_billions,nominal,global,measured,primary,0001403161-19-000030/v63019form10q.htm,2188869,2188874,"2,132",Cash volume,current,
9M_2019-03-31,cash_volume_nominal_us,1839.0,usd_billions,nominal,international,measured,primary,0001403161-19-000030/v63019form10q.htm,2187607,2187612,"1,839",Cash volume,comparative,prior-year column; not a first print (DR-04)
9M_2019-03-31,cash_volume_nominal_us,1705.0,usd_billions,nominal,international,measured,primary,0001403161-19-000030/v63019form10q.htm,2186984,2186989,"1,705",Cash volume,current,
9M_2019-03-31,cash_volume_nominal_us,418.0,usd_billions,nominal,us,measured,primary,0001403161-19-000030/v63019form10q.htm,2185726,2185729,418,Cash volume,comparative,prior-year column; not a first print (DR-04)
9M_2019-03-31,cash_volume_nominal_us,427.0,usd_billions,nominal,us,measured,primary,0001403161-19-000030/v63019form10q.htm,2185105,2185108,427,Cash volume,current,
9M_2019-03-31,payments_volume_nominal_us,6013.0,usd_billions,nominal,global,measured,primary,0001403161-19-000030/v63019form10q.htm,2183703,2183708,"6,013",Total nominal payments volume,comparative,prior-year column; not a first print (DR-04)
9M_2019-03-31,payments_volume_nominal_us,6391.0,usd_billions,nominal,global,measured,primary,0001403161-19-000030/v63019form10q.htm,2182786,2182791,"6,391",Total nominal payments volume,current,
9M_2019-03-31,payments_volume_nominal_us,3425.0,usd_billions,nominal,international,measured,primary,0001403161-19-000030/v63019form10q.htm,2181163,2181168,"3,425",Total nominal payments volume,comparative,prior-year column; not a first print (DR-04)
9M_2019-03-31,payments_volume_nominal_us,3536.0,usd_billions,nominal,international,measured,primary,0001403161-19-000030/v63019form10q.htm,2180246,2180251,"3,536",Total nominal payments volume,current,
9M_2019-03-31,payments_volume_nominal_us,2588.0,usd_billions,nominal,us,measured,primary,0001403161-19-000030/v63019form10q.htm,2178628,2178633,"2,588",Total nominal payments volume,comparative,prior-year column; not a first print (DR-04)
9M_2019-03-31,payments_volume_nominal_us,2855.0,usd_billions,nominal,us,measured,primary,0001403161-19-000030/v63019form10q.htm,2177711,2177716,"2,855",Total nominal payments volume,current,
9M_2019-03-31,total_volume_nominal_us,8271.0,usd_billions,nominal,global,measured,primary,0001403161-19-000030/v63019form10q.htm,2197980,2197985,"8,271",Total nominal volume(5),comparative,prior-year column; not a first print (DR-04)
9M_2019-03-31,total_volume_nominal_us,8522.0,usd_billions,nominal,global,measured,primary,0001403161-19-000030/v63019form10q.htm,2196935,2196940,"8,522",Total nominal volume(5),current,
9M_2019-03-31,total_volume_nominal_us,5264.0,usd_billions,nominal,international,measured,primary,0001403161-19-000030/v63019form10q.htm,2195149,2195154,"5,264",Total nominal volume(5),comparative,prior-year column; not a first print (DR-04)
9M_2019-03-31,total_volume_nominal_us,5241.0,usd_billions,nominal,international,measured,primary,0001403161-19-000030/v63019form10q.htm,2194104,2194109,"5,241",Total nominal volume(5),current,
9M_2019-03-31,total_volume_nominal_us,3007.0,usd_billions,nominal,us,measured,primary,0001403161-19-000030/v63019form10q.htm,2192330,2192335,"3,007",Total nominal volume(5),comparative,prior-year column; not a first print (DR-04)
9M_2019-03-31,total_volume_nominal_us,3281.0,usd_billions,nominal,us,measured,primary,0001403161-19-000030/v63019form10q.htm,2191285,2191290,"3,281",Total nominal volume(5),current,
9M_2020-03-31,cash_volume_nominal_us,2077.0,usd_billions,nominal,global,measured,primary,0001403161-20-000048/v-20200630.htm,2494710,2494715,"2,077",Cash volume,comparative,prior-year column; not a first print (DR-04)
9M_2020-03-31,cash_volume_nominal_us,-3.0,usd_billions,nominal,global,measured,primary,0001403161-20-000048/v-20200630.htm,2494008,2494011,(3),Cash volume,current,
9M_2020-03-31,cash_volume_nominal_us,1703.0,usd_billions,nominal,international,measured,primary,0001403161-20-000048/v-20200630.htm,2493293,2493298,"1,703",Cash volume,comparative,prior-year column; not a first print (DR-04)
9M_2020-03-31,cash_volume_nominal_us,1645.0,usd_billions,nominal,international,measured,primary,0001403161-20-000048/v-20200630.htm,2492578,2492583,"1,645",Cash volume,current,
9M_2020-03-31,cash_volume_nominal_us,427.0,usd_billions,nominal,us,measured,primary,0001403161-20-000048/v-20200630.htm,2491434,2491437,427,Cash volume,comparative,prior-year column; not a first print (DR-04)
9M_2020-03-31,cash_volume_nominal_us,432.0,usd_billions,nominal,us,measured,primary,0001403161-20-000048/v-20200630.htm,2490721,2490724,432,Cash volume,current,
9M_2020-03-31,payments_volume_nominal_us,6386.0,usd_billions,nominal,global,measured,primary,0001403161-20-000048/v-20200630.htm,2489358,2489363,"6,386",Total nominal payments volume(2),comparative,prior-year column; not a first print (DR-04)
9M_2020-03-31,payments_volume_nominal_us,6758.0,usd_billions,nominal,global,measured,primary,0001403161-20-000048/v-20200630.htm,2488315,2488320,"6,758",Total nominal payments volume(2),current,
9M_2020-03-31,payments_volume_nominal_us,3533.0,usd_billions,nominal,international,measured,primary,0001403161-20-000048/v-20200630.htm,2486841,2486846,"3,533",Total nominal payments volume(2),comparative,prior-year column; not a first print (DR-04)
9M_2020-03-31,payments_volume_nominal_us,3699.0,usd_billions,nominal,international,measured,primary,0001403161-20-000048/v-20200630.htm,2485798,2485803,"3,699",Total nominal payments volume(2),current,
9M_2020-03-31,payments_volume_nominal_us,2854.0,usd_billions,nominal,us,measured,primary,0001403161-20-000048/v-20200630.htm,2484324,2484329,"2,854",Total nominal payments volume(2),comparative,prior-year column; not a first print (DR-04)
9M_2020-03-31,payments_volume_nominal_us,3059.0,usd_billions,nominal,us,measured,primary,0001403161-20-000048/v-20200630.htm,2483281,2483286,"3,059",Total nominal payments volume(2),current,
9M_2020-03-31,total_volume_nominal_us,8516.0,usd_billions,nominal,global,measured,primary,0001403161-20-000048/v-20200630.htm,2504186,2504191,"8,516","Total nominal volume(2),(5)",comparative,prior-year column; not a first print (DR-04)
9M_2020-03-31,total_volume_nominal_us,8835.0,usd_billions,nominal,global,measured,primary,0001403161-20-000048/v-20200630.htm,2503044,2503049,"8,835","Total nominal volume(2),(5)",current,
9M_2020-03-31,total_volume_nominal_us,5236.0,usd_billions,nominal,international,measured,primary,0001403161-20-000048/v-20200630.htm,2501471,2501476,"5,236","Total nominal volume(2),(5)",comparative,prior-year column; not a first print (DR-04)
9M_2020-03-31,total_volume_nominal_us,5344.0,usd_billions,nominal,international,measured,primary,0001403161-20-000048/v-20200630.htm,2500329,2500334,"5,344","Total nominal volume(2),(5)",current,
9M_2020-03-31,total_volume_nominal_us,3280.0,usd_billions,nominal,us,measured,primary,0001403161-20-000048/v-20200630.htm,2498756,2498761,"3,280","Total nominal volume(2),(5)",comparative,prior-year column; not a first print (DR-04)
9M_2020-03-31,total_volume_nominal_us,3491.0,usd_billions,nominal,us,measured,primary,0001403161-20-000048/v-20200630.htm,2497614,2497619,"3,491","Total nominal volume(2),(5)",current,
9M_2021-03-31,cash_volume_nominal_us,1909.0,usd_billions,nominal,global,measured,primary,0001403161-21-000042/v-20210630.htm,2001124,2001129,"1,909",Cash volume,comparative,prior-year column; not a first print (DR-04)
9M_2021-03-31,cash_volume_nominal_us,-12.0,usd_billions,nominal,global,measured,primary,0001403161-21-000042/v-20210630.htm,2000605,2000609,(12),Cash volume,current,
9M_2021-03-31,cash_volume_nominal_us,1649.0,usd_billions,nominal,international,measured,primary,0001403161-21-000042/v-20210630.htm,2000194,2000199,"1,649",Cash volume,comparative,prior-year column; not a first print (DR-04)
9M_2021-03-31,cash_volume_nominal_us,1443.0,usd_billions,nominal,international,measured,primary,0001403161-21-000042/v-20210630.htm,1999669,1999674,"1,443",Cash volume,current,
9M_2021-03-31,cash_volume_nominal_us,431.0,usd_billions,nominal,us,measured,primary,0001403161-21-000042/v-20210630.htm,1998738,1998741,431,Cash volume,comparative,prior-year column; not a first print (DR-04)
9M_2021-03-31,cash_volume_nominal_us,466.0,usd_billions,nominal,us,measured,primary,0001403161-21-000042/v-20210630.htm,1998215,1998218,466,Cash volume,current,
9M_2021-03-31,payments_volume_nominal_us,6759.0,usd_billions,nominal,global,measured,primary,0001403161-21-000042/v-20210630.htm,1997083,1997088,"6,759",Total nominal payments volume(2),comparative,prior-year column; not a first print (DR-04)
9M_2021-03-31,payments_volume_nominal_us,7248.0,usd_billions,nominal,global,measured,primary,0001403161-21-000042/v-20210630.htm,1996503,1996508,"7,248",Total nominal payments volume(2),current,
9M_2021-03-31,payments_volume_nominal_us,3702.0,usd_billions,nominal,international,measured,primary,0001403161-21-000042/v-20210630.htm,1995515,1995520,"3,702",Total nominal payments volume(2),comparative,prior-year column; not a first print (DR-04)
9M_2021-03-31,payments_volume_nominal_us,3855.0,usd_billions,nominal,international,measured,primary,0001403161-21-000042/v-20210630.htm,1994935,1994940,"3,855",Total nominal payments volume(2),current,
9M_2021-03-31,payments_volume_nominal_us,3057.0,usd_billions,nominal,us,measured,primary,0001403161-21-000042/v-20210630.htm,1993946,1993951,"3,057",Total nominal payments volume(2),comparative,prior-year column; not a first print (DR-04)
9M_2021-03-31,payments_volume_nominal_us,3393.0,usd_billions,nominal,us,measured,primary,0001403161-21-000042/v-20210630.htm,1993366,1993371,"3,393",Total nominal payments volume(2),current,
9M_2021-03-31,total_volume_nominal_us,9158.0,usd_billions,nominal,global,measured,primary,0001403161-21-000042/v-20210630.htm,2007670,2007675,"9,158","Total nominal volume(2),(5)",comparative,prior-year column; not a first print (DR-04)
9M_2021-03-31,total_volume_nominal_us,-1.0,usd_billions,nominal,global,measured,primary,0001403161-21-000042/v-20210630.htm,2006837,2006840,(1),"Total nominal volume(2),(5)",current,
9M_2021-03-31,total_volume_nominal_us,5351.0,usd_billions,nominal,international,measured,primary,0001403161-21-000042/v-20210630.htm,2006367,2006372,"5,351","Total nominal volume(2),(5)",comparative,prior-year column; not a first print (DR-04)
9M_2021-03-31,total_volume_nominal_us,5298.0,usd_billions,nominal,international,measured,primary,0001403161-21-000042/v-20210630.htm,2005468,2005473,"5,298","Total nominal volume(2),(5)",current,
9M_2021-03-31,total_volume_nominal_us,3489.0,usd_billions,nominal,us,measured,primary,0001403161-21-000042/v-20210630.htm,2004160,2004165,"3,489","Total nominal volume(2),(5)",comparative,prior-year column; not a first print (DR-04)
9M_2021-03-31,total_volume_nominal_us,3859.0,usd_billions,nominal,us,measured,primary,0001403161-21-000042/v-20210630.htm,2003261,2003266,"3,859","Total nominal volume(2),(5)",current,
9M_2022-03-31,cash_volume_nominal_us,1908.0,usd_billions,nominal,global,measured,primary,0001403161-22-000058/v-20220630.htm,2153371,2153376,"1,908",Cash volume(5),comparative,prior-year column; not a first print (DR-04)
9M_2022-03-31,cash_volume_nominal_us,1952.0,usd_billions,nominal,global,measured,primary,0001403161-22-000058/v-20220630.htm,2152846,2152851,"1,952",Cash volume(5),current,
9M_2022-03-31,cash_volume_nominal_us,1442.0,usd_billions,nominal,international,measured,primary,0001403161-22-000058/v-20220630.htm,2151913,2151918,"1,442",Cash volume(5),comparative,prior-year column; not a first print (DR-04)
9M_2022-03-31,cash_volume_nominal_us,1475.0,usd_billions,nominal,international,measured,primary,0001403161-22-000058/v-20220630.htm,2151388,2151393,"1,475",Cash volume(5),current,
9M_2022-03-31,cash_volume_nominal_us,466.0,usd_billions,nominal,us,measured,primary,0001403161-22-000058/v-20220630.htm,2150457,2150460,466,Cash volume(5),comparative,prior-year column; not a first print (DR-04)
9M_2022-03-31,cash_volume_nominal_us,477.0,usd_billions,nominal,us,measured,primary,0001403161-22-000058/v-20220630.htm,2149934,2149937,477,Cash volume(5),current,
9M_2022-03-31,payments_volume_nominal_us,7249.0,usd_billions,nominal,global,measured,primary,0001403161-22-000058/v-20220630.htm,2148619,2148624,"7,249",Total nominal payments volume(2),comparative,prior-year column; not a first print (DR-04)
9M_2022-03-31,payments_volume_nominal_us,8522.0,usd_billions,nominal,global,measured,primary,0001403161-22-000058/v-20220630.htm,2147813,2147818,"8,522",Total nominal payments volume(2),current,
9M_2022-03-31,payments_volume_nominal_us,3855.0,usd_billions,nominal,international,measured,primary,0001403161-22-000058/v-20220630.htm,2146601,2146606,"3,855",Total nominal payments volume(2),comparative,prior-year column; not a first print (DR-04)
9M_2022-03-31,payments_volume_nominal_us,4465.0,usd_billions,nominal,international,measured,primary,0001403161-22-000058/v-20220630.htm,2145795,2145800,"4,465",Total nominal payments volume(2),current,
9M_2022-03-31,payments_volume_nominal_us,3394.0,usd_billions,nominal,us,measured,primary,0001403161-22-000058/v-20220630.htm,2144583,2144588,"3,394",Total nominal payments volume(2),comparative,prior-year column; not a first print (DR-04)
9M_2022-03-31,payments_volume_nominal_us,4057.0,usd_billions,nominal,us,measured,primary,0001403161-22-000058/v-20220630.htm,2143777,2143782,"4,057",Total nominal payments volume(2),current,
9M_2022-03-31,total_volume_nominal_us,9157.0,usd_billions,nominal,global,measured,primary,0001403161-22-000058/v-20220630.htm,2160301,2160306,"9,157","Total nominal volume(2),(6)",comparative,prior-year column; not a first print (DR-04)
9M_2022-03-31,total_volume_nominal_us,10473.0,usd_billions,nominal,global,measured,primary,0001403161-22-000058/v-20220630.htm,2159401,2159407,"10,473","Total nominal volume(2),(6)",current,
9M_2022-03-31,total_volume_nominal_us,5297.0,usd_billions,nominal,international,measured,primary,0001403161-22-000058/v-20220630.htm,2158093,2158098,"5,297","Total nominal volume(2),(6)",comparative,prior-year column; not a first print (DR-04)
9M_2022-03-31,total_volume_nominal_us,5940.0,usd_billions,nominal,international,measured,primary,0001403161-22-000058/v-20220630.htm,2157194,2157199,"5,940","Total nominal volume(2),(6)",current,
9M_2022-03-31,total_volume_nominal_us,3860.0,usd_billions,nominal,us,measured,primary,0001403161-22-000058/v-20220630.htm,2155886,2155891,"3,860","Total nominal volume(2),(6)",comparative,prior-year column; not a first print (DR-04)
9M_2022-03-31,total_volume_nominal_us,4533.0,usd_billions,nominal,us,measured,primary,0001403161-22-000058/v-20220630.htm,2154987,2154992,"4,533","Total nominal volume(2),(6)",current,
9M_2023-03-31,cash_volume_nominal_us,1947.0,usd_billions,nominal,global,measured,primary,0001403161-23-000072/v-20230630.htm,1520402,1520407,"1,947",Cash volume(5),comparative,prior-year column; not a first print (DR-04)
9M_2023-03-31,cash_volume_nominal_us,1820.0,usd_billions,nominal,global,measured,primary,0001403161-23-000072/v-20230630.htm,1519877,1519882,"1,820",Cash volume(5),current,
9M_2023-03-31,cash_volume_nominal_us,1472.0,usd_billions,nominal,international,measured,primary,0001403161-23-000072/v-20230630.htm,1518943,1518948,"1,472",Cash volume(5),comparative,prior-year column; not a first print (DR-04)
9M_2023-03-31,cash_volume_nominal_us,1365.0,usd_billions,nominal,international,measured,primary,0001403161-23-000072/v-20230630.htm,1518418,1518423,"1,365",Cash volume(5),current,
9M_2023-03-31,cash_volume_nominal_us,475.0,usd_billions,nominal,us,measured,primary,0001403161-23-000072/v-20230630.htm,1517486,1517489,475,Cash volume(5),comparative,prior-year column; not a first print (DR-04)
9M_2023-03-31,cash_volume_nominal_us,454.0,usd_billions,nominal,us,measured,primary,0001403161-23-000072/v-20230630.htm,1516963,1516966,454,Cash volume(5),current,
9M_2023-03-31,payments_volume_nominal_us,8532.0,usd_billions,nominal,global,measured,primary,0001403161-23-000072/v-20230630.htm,1515649,1515654,"8,532",Total nominal payments volume(2),comparative,prior-year column; not a first print (DR-04)
9M_2023-03-31,payments_volume_nominal_us,8908.0,usd_billions,nominal,global,measured,primary,0001403161-23-000072/v-20230630.htm,1514843,1514848,"8,908",Total nominal payments volume(2),current,
9M_2023-03-31,payments_volume_nominal_us,4473.0,usd_billions,nominal,international,measured,primary,0001403161-23-000072/v-20230630.htm,1513631,1513636,"4,473",Total nominal payments volume(2),comparative,prior-year column; not a first print (DR-04)
9M_2023-03-31,payments_volume_nominal_us,4435.0,usd_billions,nominal,international,measured,primary,0001403161-23-000072/v-20230630.htm,1512825,1512830,"4,435",Total nominal payments volume(2),current,
9M_2023-03-31,payments_volume_nominal_us,4058.0,usd_billions,nominal,us,measured,primary,0001403161-23-000072/v-20230630.htm,1511613,1511618,"4,058",Total nominal payments volume(2),comparative,prior-year column; not a first print (DR-04)
9M_2023-03-31,payments_volume_nominal_us,4473.0,usd_billions,nominal,us,measured,primary,0001403161-23-000072/v-20230630.htm,1510807,1510812,"4,473",Total nominal payments volume(2),current,
9M_2023-03-31,total_volume_nominal_us,10479.0,usd_billions,nominal,global,measured,primary,0001403161-23-000072/v-20230630.htm,1527332,1527338,"10,479","Total nominal volume(2),(6)",comparative,prior-year column; not a first print (DR-04)
9M_2023-03-31,total_volume_nominal_us,10727.0,usd_billions,nominal,global,measured,primary,0001403161-23-000072/v-20230630.htm,1526432,1526438,"10,727","Total nominal volume(2),(6)",current,
9M_2023-03-31,total_volume_nominal_us,5945.0,usd_billions,nominal,international,measured,primary,0001403161-23-000072/v-20230630.htm,1525124,1525129,"5,945","Total nominal volume(2),(6)",comparative,prior-year column; not a first print (DR-04)
9M_2023-03-31,total_volume_nominal_us,5800.0,usd_billions,nominal,international,measured,primary,0001403161-23-000072/v-20230630.htm,1524225,1524230,"5,800","Total nominal volume(2),(6)",current,
9M_2023-03-31,total_volume_nominal_us,4534.0,usd_billions,nominal,us,measured,primary,0001403161-23-000072/v-20230630.htm,1522918,1522923,"4,534","Total nominal volume(2),(6)",comparative,prior-year column; not a first print (DR-04)
9M_2023-03-31,total_volume_nominal_us,4927.0,usd_billions,nominal,us,measured,primary,0001403161-23-000072/v-20230630.htm,1522019,1522024,"4,927","Total nominal volume(2),(6)",current,
9M_2024-03-31,cash_volume_nominal_us,1820.0,usd_billions,nominal,global,measured,primary,0001403161-24-000041/v-20240630.htm,1561833,1561838,"1,820",Cash volume(5),comparative,prior-year column; not a first print (DR-04)
9M_2024-03-31,cash_volume_nominal_us,1871.0,usd_billions,nominal,global,measured,primary,0001403161-24-000041/v-20240630.htm,1561316,1561321,"1,871",Cash volume(5),current,
9M_2024-03-31,cash_volume_nominal_us,1365.0,usd_billions,nominal,international,measured,primary,0001403161-24-000041/v-20240630.htm,1560396,1560401,"1,365",Cash volume(5),comparative,prior-year column; not a first print (DR-04)
9M_2024-03-31,cash_volume_nominal_us,1419.0,usd_billions,nominal,international,measured,primary,0001403161-24-000041/v-20240630.htm,1559879,1559884,"1,419",Cash volume(5),current,
9M_2024-03-31,cash_volume_nominal_us,455.0,usd_billions,nominal,us,measured,primary,0001403161-24-000041/v-20240630.htm,1558959,1558962,455,Cash volume(5),comparative,prior-year column; not a first print (DR-04)
9M_2024-03-31,cash_volume_nominal_us,453.0,usd_billions,nominal,us,measured,primary,0001403161-24-000041/v-20240630.htm,1558444,1558447,453,Cash volume(5),current,
9M_2024-03-31,payments_volume_nominal_us,8915.0,usd_billions,nominal,global,measured,primary,0001403161-24-000041/v-20240630.htm,1557139,1557144,"8,915",Total nominal payments volume,comparative,prior-year column; not a first print (DR-04)
9M_2024-03-31,payments_volume_nominal_us,9656.0,usd_billions,nominal,global,measured,primary,0001403161-24-000041/v-20240630.htm,1556341,1556346,"9,656",Total nominal payments volume,current,
9M_2024-03-31,payments_volume_nominal_us,4443.0,usd_billions,nominal,international,measured,primary,0001403161-24-000041/v-20240630.htm,1555142,1555147,"4,443",Total nominal payments volume,comparative,prior-year column; not a first print (DR-04)
9M_2024-03-31,payments_volume_nominal_us,4923.0,usd_billions,nominal,international,measured,primary,0001403161-24-000041/v-20240630.htm,1554344,1554349,"4,923",Total nominal payments volume,current,
9M_2024-03-31,payments_volume_nominal_us,4472.0,usd_billions,nominal,us,measured,primary,0001403161-24-000041/v-20240630.htm,1553146,1553151,"4,472",Total nominal payments volume,comparative,prior-year column; not a first print (DR-04)
9M_2024-03-31,payments_volume_nominal_us,4734.0,usd_billions,nominal,us,measured,primary,0001403161-24-000041/v-20240630.htm,1552348,1552353,"4,734",Total nominal payments volume,current,
9M_2024-03-31,total_volume_nominal_us,10736.0,usd_billions,nominal,global,measured,primary,0001403161-24-000041/v-20240630.htm,1568698,1568704,"10,736",Total nominal volume(6),comparative,prior-year column; not a first print (DR-04)
9M_2024-03-31,total_volume_nominal_us,11528.0,usd_billions,nominal,global,measured,primary,0001403161-24-000041/v-20240630.htm,1567806,1567812,"11,528",Total nominal volume(6),current,
9M_2024-03-31,total_volume_nominal_us,5809.0,usd_billions,nominal,international,measured,primary,0001403161-24-000041/v-20240630.htm,1566512,1566517,"5,809",Total nominal volume(6),comparative,prior-year column; not a first print (DR-04)
9M_2024-03-31,total_volume_nominal_us,6341.0,usd_billions,nominal,international,measured,primary,0001403161-24-000041/v-20240630.htm,1565621,1565626,"6,341",Total nominal volume(6),current,
9M_2024-03-31,total_volume_nominal_us,4927.0,usd_billions,nominal,us,measured,primary,0001403161-24-000041/v-20240630.htm,1564327,1564332,"4,927",Total nominal volume(6),comparative,prior-year column; not a first print (DR-04)
9M_2024-03-31,total_volume_nominal_us,5187.0,usd_billions,nominal,us,measured,primary,0001403161-24-000041/v-20240630.htm,1563436,1563441,"5,187",Total nominal volume(6),current,
9M_2025-03-31,cash_volume_nominal_us,1876.0,usd_billions,nominal,global,measured,primary,0001403161-25-000052/v-20250630.htm,1567018,1567023,"1,876",Cash volume(5),comparative,prior-year column; not a first print (DR-04)
9M_2025-03-31,cash_volume_nominal_us,1857.0,usd_billions,nominal,global,measured,primary,0001403161-25-000052/v-20250630.htm,1566501,1566506,"1,857",Cash volume(5),current,
9M_2025-03-31,cash_volume_nominal_us,1423.0,usd_billions,nominal,international,measured,primary,0001403161-25-000052/v-20250630.htm,1565579,1565584,"1,423",Cash volume(5),comparative,prior-year column; not a first print (DR-04)
9M_2025-03-31,cash_volume_nominal_us,1412.0,usd_billions,nominal,international,measured,primary,0001403161-25-000052/v-20250630.htm,1565062,1565067,"1,412",Cash volume(5),current,
9M_2025-03-31,cash_volume_nominal_us,452.0,usd_billions,nominal,us,measured,primary,0001403161-25-000052/v-20250630.htm,1564142,1564145,452,Cash volume(5),comparative,prior-year column; not a first print (DR-04)
9M_2025-03-31,cash_volume_nominal_us,445.0,usd_billions,nominal,us,measured,primary,0001403161-25-000052/v-20250630.htm,1563627,1563630,445,Cash volume(5),current,
9M_2025-03-31,payments_volume_nominal_us,9660.0,usd_billions,nominal,global,measured,primary,0001403161-25-000052/v-20250630.htm,1562322,1562327,"9,660",Total nominal payments volume(2),comparative,prior-year column; not a first print (DR-04)
9M_2025-03-31,payments_volume_nominal_us,10277.0,usd_billions,nominal,global,measured,primary,0001403161-25-000052/v-20250630.htm,1561523,1561529,"10,277",Total nominal payments volume(2),current,
9M_2025-03-31,payments_volume_nominal_us,4925.0,usd_billions,nominal,international,measured,primary,0001403161-25-000052/v-20250630.htm,1560325,1560330,"4,925",Total nominal payments volume(2),comparative,prior-year column; not a first print (DR-04)
9M_2025-03-31,payments_volume_nominal_us,5253.0,usd_billions,nominal,international,measured,primary,0001403161-25-000052/v-20250630.htm,1559527,1559532,"5,253",Total nominal payments volume(2),current,
9M_2025-03-31,payments_volume_nominal_us,4735.0,usd_billions,nominal,us,measured,primary,0001403161-25-000052/v-20250630.htm,1558329,1558334,"4,735",Total nominal payments volume(2),comparative,prior-year column; not a first print (DR-04)
9M_2025-03-31,payments_volume_nominal_us,5024.0,usd_billions,nominal,us,measured,primary,0001403161-25-000052/v-20250630.htm,1557531,1557536,"5,024",Total nominal payments volume(2),current,
9M_2025-03-31,total_volume_nominal_us,11536.0,usd_billions,nominal,global,measured,primary,0001403161-25-000052/v-20250630.htm,1573889,1573895,"11,536","Total nominal volume(2),(6)",comparative,prior-year column; not a first print (DR-04)
9M_2025-03-31,total_volume_nominal_us,12134.0,usd_billions,nominal,global,measured,primary,0001403161-25-000052/v-20250630.htm,1572997,1573003,"12,134","Total nominal volume(2),(6)",current,
9M_2025-03-31,total_volume_nominal_us,6348.0,usd_billions,nominal,international,measured,primary,0001403161-25-000052/v-20250630.htm,1571703,1571708,"6,348","Total nominal volume(2),(6)",comparative,prior-year column; not a first print (DR-04)
9M_2025-03-31,total_volume_nominal_us,6665.0,usd_billions,nominal,international,measured,primary,0001403161-25-000052/v-20250630.htm,1570812,1570817,"6,665","Total nominal volume(2),(6)",current,
9M_2025-03-31,total_volume_nominal_us,5188.0,usd_billions,nominal,us,measured,primary,0001403161-25-000052/v-20250630.htm,1569518,1569523,"5,188","Total nominal volume(2),(6)",comparative,prior-year column; not a first print (DR-04)
9M_2025-03-31,total_volume_nominal_us,5469.0,usd_billions,nominal,us,measured,primary,0001403161-25-000052/v-20250630.htm,1568627,1568632,"5,469","Total nominal volume(2),(6)",current,
FY2017Q1,cash_volume_nominal_us,584.0,usd_billions,nominal,global,measured,primary,0001403161-17-000028/v33117form10q.htm,1208295,1208298,584,Cash volume,comparative,prior-year column; not a first print (DR-04)
FY2017Q1,cash_volume_nominal_us,722.0,usd_billions,nominal,global,measured,primary,0001403161-17-000028/v33117form10q.htm,1207707,1207710,722,Cash volume,current,
FY2017Q1,cash_volume_nominal_us,456.0,usd_billions,nominal,international,measured,primary,0001403161-17-000028/v33117form10q.htm,1206498,1206501,456,Cash volume,comparative,prior-year column; not a first print (DR-04)
FY2017Q1,cash_volume_nominal_us,588.0,usd_billions,nominal,international,measured,primary,0001403161-17-000028/v33117form10q.htm,1205910,1205913,588,Cash volume,current,
FY2017Q1,cash_volume_nominal_us,128.0,usd_billions,nominal,us,measured,primary,0001403161-17-000028/v33117form10q.htm,1204702,1204705,128,Cash volume,comparative,prior-year column; not a first print (DR-04)
FY2017Q1,cash_volume_nominal_us,134.0,usd_billions,nominal,us,measured,primary,0001403161-17-000028/v33117form10q.htm,1204114,1204117,134,Cash volume,current,
FY2017Q1,client_incentives,1041.0,usd_millions,gaap,global,measured,primary,0001403161-17-000010/vex991123116earningsrelease.htm,134089,134096,"(1,041)",Client incentives,,
FY2017Q1,cross_border_total_growth_constant,140.0,percent,constant_dollar,global,measured,primary,0001403161-17-000010/vex991123116earningsrelease.htm,12954,12958,140%,Cross-border volume growth,,
FY2017Q1,data_processing_revenue,1892.0,usd_millions,gaap,global,measured,primary,0001403161-17-000010/vex991123116earningsrelease.htm,130190,130195,"1,892",Data processing revenues,,
FY2017Q1,diluted_shares,2421.0,shares_millions,gaap,global,measured,primary,0001403161-17-000010/vex991123116earningsrelease.htm,185552,185557,"2,421",Class A common stock,,
FY2017Q1,international_transaction_revenue,1489.0,usd_millions,gaap,global,measured,primary,0001403161-17-000010/vex991123116earningsrelease.htm,131520,131525,"1,489",International transaction revenues,,
FY2017Q1,net_revenue,4461.0,usd_millions,gaap,global,measured,primary,0001403161-17-000010/vex991123116earningsrelease.htm,135528,135533,"4,461",Net operating revenues,,
FY2017Q1,operating_expenses_ex_special_items,1686.0,usd_millions,ex_special_items,global,measured,primary,0001403161-17-000010/vex991123116earningsrelease.htm,372927,372932,"1,686",As adjusted,,
FY2017Q1,operating_expenses_gaap,1361.0,usd_millions,gaap,global,measured,primary,0001403161-17-000010/vex991123116earningsrelease.htm,148069,148074,"1,361",Total operating expenses,,
FY2017Q1,operating_profit_ex_special_items,2775.0,usd_millions,ex_special_items,global,derived,primary,0001403161-17-000010/vex991123116earningsrelease.htm,372927,372932,"1,686",As adjusted,,
FY2017Q1,operating_profit_gaap,3100.0,usd_millions,gaap,global,measured,primary,0001403161-17-000010/vex991123116earningsrelease.htm,149530,149535,"3,100",Operating income,,
FY2017Q1,other_revenue,203.0,usd_millions,gaap,global,measured,primary,0001403161-17-000010/vex991123116earningsrelease.htm,132780,132783,203,Other revenues,,
FY2017Q1,payments_volume_nominal_us,1306.0,usd_billions,nominal,global,measured,primary,0001403161-17-000028/v33117form10q.htm,1202733,1202738,"1,306",Total nominal payments volume,comparative,prior-year column; not a first print (DR-04)
FY2017Q1,payments_volume_nominal_us,1802.0,usd_billions,nominal,global,measured,primary,0001403161-17-000028/v33117form10q.htm,1201754,1201759,"1,802",Total nominal payments volume,current,
FY2017Q1,payments_volume_nominal_us,591.0,usd_billions,nominal,international,measured,primary,0001403161-17-000028/v33117form10q.htm,1200047,1200050,591,Total nominal payments volume,comparative,prior-year column; not a first print (DR-04)
FY2017Q1,payments_volume_nominal_us,999.0,usd_billions,nominal,international,measured,primary,0001403161-17-000028/v33117form10q.htm,1199070,1199073,999,Total nominal payments volume,current,
FY2017Q1,payments_volume_nominal_us,714.0,usd_billions,nominal,us,measured,primary,0001403161-17-000028/v33117form10q.htm,1197363,1197366,714,Total nominal payments volume,comparative,prior-year column; not a first print (DR-04)
FY2017Q1,payments_volume_nominal_us,804.0,usd_billions,nominal,us,measured,primary,0001403161-17-000028/v33117form10q.htm,1196386,1196389,804,Total nominal payments volume,current,
FY2017Q1,service_revenue,1918.0,usd_millions,gaap,global,measured,primary,0001403161-17-000010/vex991123116earningsrelease.htm,128752,128757,"1,918",Service revenues,,
FY2017Q1,special_item_operating_expense,-255.0,usd_millions,gaap,global,measured,primary,0001403161-17-000010/vex991123116earningsrelease.htm,370677,370682,(255),Revaluation of Visa Europe put option,,three-month operating-expense bridge line
FY2017Q1,special_item_operating_expense,2430.0,usd_millions,gaap,global,measured,primary,0001403161-17-000010/vex991123116earningsrelease.htm,376420,376425,"2,430","Diluted weighted-average shares outstanding, as reported",,three-month operating-expense bridge line
FY2017Q1,special_items,-325.0,usd_millions,gaap,global,derived,primary,0001403161-17-000010/vex991123116earningsrelease.htm,148069,148074,"1,361",Total operating expenses,,Net amount removed from GAAP opex
FY2017Q1,tax_rate,0.305,ratio,gaap,global,measured,primary,0001403161-17-000010/vex991123116earningsrelease.htm,17245,17249,30.5,effective income tax rate was,,
FY2017Q1,total_volume_nominal_us,1890.0,usd_billions,nominal,global,measured,primary,0001403161-17-000028/v33117form10q.htm,1216437,1216442,"1,890",Total nominal volume(5),comparative,prior-year column; not a first print (DR-04)
FY2017Q1,total_volume_nominal_us,2524.0,usd_billions,nominal,global,measured,primary,0001403161-17-000028/v33117form10q.htm,1215446,1215451,"2,524",Total nominal volume(5),current,
FY2017Q1,total_volume_nominal_us,1048.0,usd_billions,nominal,international,measured,primary,0001403161-17-000028/v33117form10q.htm,1213725,1213730,"1,048",Total nominal volume(5),comparative,prior-year column; not a first print (DR-04)
FY2017Q1,total_volume_nominal_us,1587.0,usd_billions,nominal,international,measured,primary,0001403161-17-000028/v33117form10q.htm,1212734,1212739,"1,587",Total nominal volume(5),current,
FY2017Q1,total_volume_nominal_us,842.0,usd_billions,nominal,us,measured,primary,0001403161-17-000028/v33117form10q.htm,1211015,1211018,842,Total nominal volume(5),comparative,prior-year column; not a first print (DR-04)
FY2017Q1,total_volume_nominal_us,937.0,usd_billions,nominal,us,measured,primary,0001403161-17-000028/v33117form10q.htm,1210026,1210029,937,Total nominal volume(5),current,
FY2017Q2,cash_volume_nominal_us,541.0,usd_billions,nominal,global,measured,primary,0001403161-17-000037/v63017form10q.htm,1218868,1218871,541,Cash volume,comparative,prior-year column; not a first print (DR-04)
FY2017Q2,cash_volume_nominal_us,685.0,usd_billions,nominal,global,measured,primary,0001403161-17-000037/v63017form10q.htm,1218280,1218283,685,Cash volume,current,
FY2017Q2,cash_volume_nominal_us,412.0,usd_billions,nominal,international,measured,primary,0001403161-17-000037/v63017form10q.htm,1217071,1217074,412,Cash volume,comparative,prior-year column; not a first print (DR-04)
FY2017Q2,cash_volume_nominal_us,552.0,usd_billions,nominal,international,measured,primary,0001403161-17-000037/v63017form10q.htm,1216483,1216486,552,Cash volume,current,
FY2017Q2,cash_volume_nominal_us,129.0,usd_billions,nominal,us,measured,primary,0001403161-17-000037/v63017form10q.htm,1215275,1215278,129,Cash volume,comparative,prior-year column; not a first print (DR-04)
FY2017Q2,cash_volume_nominal_us,133.0,usd_billions,nominal,us,measured,primary,0001403161-17-000037/v63017form10q.htm,1214687,1214690,133,Cash volume,current,
FY2017Q2,client_incentives,1031.0,usd_millions,gaap,global,measured,primary,0001403161-17-000026/vex991earningsrelease33117.htm,151053,151060,"(1,031)",Client incentives,,
FY2017Q2,cross_border_total_growth_constant,132.0,percent,constant_dollar,global,measured,primary,0001403161-17-000026/vex991earningsrelease33117.htm,6746,6750,132%,Cross-border volume growth,,
FY2017Q2,data_processing_revenue,1843.0,usd_millions,gaap,global,measured,primary,0001403161-17-000026/vex991earningsrelease33117.htm,143267,143272,"1,843",Data processing revenues,,
FY2017Q2,diluted_shares,2406.0,shares_millions,gaap,global,measured,primary,0001403161-17-000026/vex991earningsrelease33117.htm,254067,254072,"2,406",Class A common stock,,
FY2017Q2,international_transaction_revenue,1469.0,usd_millions,gaap,global,measured,primary,0001403161-17-000026/vex991earningsrelease33117.htm,145944,145949,"1,469",International transaction revenues,,
FY2017Q2,net_revenue,4477.0,usd_millions,gaap,global,measured,primary,0001403161-17-000026/vex991earningsrelease33117.htm,153800,153805,"4,477",Net operating revenues,,
FY2017Q2,operating_expenses_ex_special_items,1477.0,usd_millions,ex_special_items,global,measured,primary,0001403161-17-000026/vex991earningsrelease33117.htm,471614,471619,"1,477",As adjusted,,
FY2017Q2,operating_expenses_gaap,1669.0,usd_millions,gaap,global,measured,primary,0001403161-17-000026/vex991earningsrelease33117.htm,178866,178871,"1,669",Total operating expenses,,
FY2017Q2,operating_profit_ex_special_items,3000.0,usd_millions,ex_special_items,global,derived,primary,0001403161-17-000026/vex991earningsrelease33117.htm,471614,471619,"1,477",As adjusted,,
FY2017Q2,operating_profit_gaap,2808.0,usd_millions,gaap,global,measured,primary,0001403161-17-000026/vex991earningsrelease33117.htm,181790,181795,"2,808",Operating income,,
FY2017Q2,other_revenue,203.0,usd_millions,gaap,global,measured,primary,0001403161-17-000026/vex991earningsrelease33117.htm,148401,148404,203,Other revenues,,
FY2017Q2,payments_volume_nominal_us,1252.0,usd_billions,nominal,global,measured,primary,0001403161-17-000037/v63017form10q.htm,1213306,1213311,"1,252",Total nominal payments volume,comparative,prior-year column; not a first print (DR-04)
FY2017Q2,payments_volume_nominal_us,1734.0,usd_billions,nominal,global,measured,primary,0001403161-17-000037/v63017form10q.htm,1212327,1212332,"1,734",Total nominal payments volume,current,
FY2017Q2,payments_volume_nominal_us,558.0,usd_billions,nominal,international,measured,primary,0001403161-17-000037/v63017form10q.htm,1210620,1210623,558,Total nominal payments volume,comparative,prior-year column; not a first print (DR-04)
FY2017Q2,payments_volume_nominal_us,958.0,usd_billions,nominal,international,measured,primary,0001403161-17-000037/v63017form10q.htm,1209643,1209646,958,Total nominal payments volume,current,
FY2017Q2,payments_volume_nominal_us,694.0,usd_billions,nominal,us,measured,primary,0001403161-17-000037/v63017form10q.htm,1207936,1207939,694,Total nominal payments volume,comparative,prior-year column; not a first print (DR-04)
FY2017Q2,payments_volume_nominal_us,776.0,usd_billions,nominal,us,measured,primary,0001403161-17-000037/v63017form10q.htm,1206959,1206962,776,Total nominal payments volume,current,
FY2017Q2,service_revenue,1993.0,usd_millions,gaap,global,measured,primary,0001403161-17-000026/vex991earningsrelease33117.htm,140279,140284,"1,993",Service revenues,,
FY2017Q2,special_item_operating_expense,-192.0,usd_millions,gaap,global,measured,primary,0001403161-17-000026/vex991earningsrelease33117.htm,465922,465927,(192),Charitable contribution,,three-month operating-expense bridge line
FY2017Q2,special_items,192.0,usd_millions,gaap,global,derived,primary,0001403161-17-000026/vex991earningsrelease33117.htm,178866,178871,"1,669",Total operating expenses,,Net amount removed from GAAP opex
FY2017Q2,tax_rate,0.841,ratio,gaap,global,measured,primary,0001403161-17-000026/vex991earningsrelease33117.htm,24393,24397,84.1,effective income tax rate was,,
FY2017Q2,total_volume_nominal_us,1793.0,usd_billions,nominal,global,measured,primary,0001403161-17-000037/v63017form10q.htm,1227501,1227506,"1,793",Total nominal volume(5),comparative,prior-year column; not a first print (DR-04)
FY2017Q2,total_volume_nominal_us,2419.0,usd_billions,nominal,global,measured,primary,0001403161-17-000037/v63017form10q.htm,1226423,1226428,"2,419",Total nominal volume(5),current,
FY2017Q2,total_volume_nominal_us,970.0,usd_billions,nominal,international,measured,primary,0001403161-17-000037/v63017form10q.htm,1224617,1224620,970,Total nominal volume(5),comparative,prior-year column; not a first print (DR-04)
FY2017Q2,total_volume_nominal_us,1510.0,usd_billions,nominal,international,measured,primary,0001403161-17-000037/v63017form10q.htm,1223539,1223544,"1,510",Total nominal volume(5),current,
FY2017Q2,total_volume_nominal_us,823.0,usd_billions,nominal,us,measured,primary,0001403161-17-000037/v63017form10q.htm,1221733,1221736,823,Total nominal volume(5),comparative,prior-year column; not a first print (DR-04)
FY2017Q2,total_volume_nominal_us,909.0,usd_billions,nominal,us,measured,primary,0001403161-17-000037/v63017form10q.htm,1220657,1220660,909,Total nominal volume(5),current,
FY2017Q3,client_incentives,1147.0,usd_millions,gaap,global,measured,primary,0001403161-17-000036/vex991earningsrelease63017.htm,144315,144322,"(1,147)",Client incentives,,
FY2017Q3,cross_border_total_growth_constant,147.0,percent,constant_dollar,global,measured,primary,0001403161-17-000036/vex991earningsrelease63017.htm,6131,6135,147%,Cross-border volume growth,,
FY2017Q3,data_processing_revenue,1984.0,usd_millions,gaap,global,measured,primary,0001403161-17-000036/vex991earningsrelease63017.htm,136529,136534,"1,984",Data processing revenues,,
FY2017Q3,diluted_shares,2385.0,shares_millions,gaap,global,measured,primary,0001403161-17-000036/vex991earningsrelease63017.htm,249013,249018,"2,385",Class A common stock,,
FY2017Q3,international_transaction_revenue,1571.0,usd_millions,gaap,global,measured,primary,0001403161-17-000036/vex991earningsrelease63017.htm,139206,139211,"1,571",International transaction revenues,,
FY2017Q3,net_revenue,4565.0,usd_millions,gaap,global,measured,primary,0001403161-17-000036/vex991earningsrelease63017.htm,147062,147067,"4,565",Net operating revenues,,
FY2017Q3,operating_expenses_ex_special_items,1173.0,usd_millions,ex_special_items,global,measured,primary,0001403161-17-000036/vex991earningsrelease63017.htm,522297,522302,"1,173",As adjusted,,
FY2017Q3,operating_expenses_gaap,1541.0,usd_millions,gaap,global,measured,primary,0001403161-17-000036/vex991earningsrelease63017.htm,174827,174832,"1,541",Total operating expenses,,
FY2017Q3,operating_profit_ex_special_items,3392.0,usd_millions,ex_special_items,global,derived,primary,0001403161-17-000036/vex991earningsrelease63017.htm,522297,522302,"1,173",As adjusted,,
FY2017Q3,operating_profit_gaap,3024.0,usd_millions,gaap,global,measured,primary,0001403161-17-000036/vex991earningsrelease63017.htm,177551,177556,"3,024",Operating income,,
FY2017Q3,other_revenue,209.0,usd_millions,gaap,global,measured,primary,0001403161-17-000036/vex991earningsrelease63017.htm,141663,141666,209,Other revenues,,
FY2017Q3,payments_volume_prior_quarter_growth_constant,39.0,percent,constant_dollar,global,measured,primary,0001403161-17-000041/vex991093017earningsrelease.htm,17084,17087,39%,on which fiscal,,
FY2017Q3,service_revenue,1948.0,usd_millions,gaap,global,measured,primary,0001403161-17-000036/vex991earningsrelease63017.htm,133541,133546,"1,948",Service revenues,,
FY2017Q3,special_item_operating_expense,-152.0,usd_millions,gaap,global,measured,primary,0001403161-17-000036/vex991earningsrelease63017.htm,501773,501778,(152),Acquisition-related costs,,three-month operating-expense bridge line
FY2017Q3,special_item_operating_expense,-1877.0,usd_millions,gaap,global,measured,primary,0001403161-17-000036/vex991earningsrelease63017.htm,506536,506543,"(1,877)",Visa Europe Framework Agreement loss,,three-month operating-expense bridge line
FY2017Q3,special_items,368.0,usd_millions,gaap,global,derived,primary,0001403161-17-000036/vex991earningsrelease63017.htm,174827,174832,"1,541",Total operating expenses,,Net amount removed from GAAP opex
FY2017Q3,tax_rate,0.293,ratio,gaap,global,measured,primary,0001403161-17-000036/vex991earningsrelease63017.htm,16788,16792,29.3,effective income tax rate was,,
FY2017Q4,cash_volume_nominal_us,731.0,usd_billions,nominal,global,measured,primary,0001403161-18-000009/v123117form10q.htm,853072,853075,731,Cash volume,comparative,prior-year column; not a first print (DR-04)
FY2017Q4,cash_volume_nominal_us,747.0,usd_billions,nominal,global,measured,primary,0001403161-18-000009/v123117form10q.htm,852484,852487,747,Cash volume,current,
FY2017Q4,cash_volume_nominal_us,595.0,usd_billions,nominal,international,measured,primary,0001403161-18-000009/v123117form10q.htm,851259,851262,595,Cash volume,comparative,prior-year column; not a first print (DR-04)
FY2017Q4,cash_volume_nominal_us,605.0,usd_billions,nominal,international,measured,primary,0001403161-18-000009/v123117form10q.htm,850671,850674,605,Cash volume,current,
FY2017Q4,cash_volume_nominal_us,135.0,usd_billions,nominal,us,measured,primary,0001403161-18-000009/v123117form10q.htm,849446,849449,135,Cash volume,comparative,prior-year column; not a first print (DR-04)
FY2017Q4,cash_volume_nominal_us,142.0,usd_billions,nominal,us,measured,primary,0001403161-18-000009/v123117form10q.htm,848858,848861,142,Cash volume,current,
FY2017Q4,client_incentives,1346.0,usd_millions,gaap,global,measured,primary,0001403161-17-000041/vex991093017earningsrelease.htm,158006,158013,"(1,346)",Client incentives,,
FY2017Q4,cross_border_total_growth_constant,10.0,percent,constant_dollar,global,measured,primary,0001403161-17-000041/vex991093017earningsrelease.htm,5753,5756,10%,Cross-border volume growth,,
FY2017Q4,data_processing_revenue,2067.0,usd_millions,gaap,global,measured,primary,0001403161-17-000041/vex991093017earningsrelease.htm,150220,150225,"2,067",Data processing revenues,,
FY2017Q4,diluted_shares,2368.0,shares_millions,gaap,global,measured,primary,0001403161-17-000041/vex991093017earningsrelease.htm,262574,262579,"2,368",Class A common stock,,
FY2017Q4,international_transaction_revenue,1792.0,usd_millions,gaap,global,measured,primary,0001403161-17-000041/vex991093017earningsrelease.htm,152897,152902,"1,792",International transaction revenues,,
FY2017Q4,net_revenue,4855.0,usd_millions,gaap,global,measured,primary,0001403161-17-000041/vex991093017earningsrelease.htm,160753,160758,"4,855",Net operating revenues,,
FY2017Q4,operating_expenses_ex_special_items,1526.0,usd_millions,ex_special_items,global,measured,primary,0001403161-17-000041/vex991093017earningsrelease.htm,557333,557338,"1,526",As adjusted,,
FY2017Q4,operating_expenses_gaap,1643.0,usd_millions,gaap,global,measured,primary,0001403161-17-000041/vex991093017earningsrelease.htm,188602,188607,"1,643",Total operating expenses,,
FY2017Q4,operating_profit_ex_special_items,3329.0,usd_millions,ex_special_items,global,derived,primary,0001403161-17-000041/vex991093017earningsrelease.htm,557333,557338,"1,526",As adjusted,,
FY2017Q4,operating_profit_gaap,3212.0,usd_millions,gaap,global,measured,primary,0001403161-17-000041/vex991093017earningsrelease.htm,191318,191323,"3,212",Operating income,,
FY2017Q4,other_revenue,226.0,usd_millions,gaap,global,measured,primary,0001403161-17-000041/vex991093017earningsrelease.htm,155354,155357,226,Other revenues,,
FY2017Q4,payments_volume_nominal_us,1752.0,usd_billions,nominal,global,measured,primary,0001403161-18-000009/v123117form10q.htm,847494,847499,"1,752",Total nominal payments volume,comparative,prior-year column; not a first print (DR-04)
FY2017Q4,payments_volume_nominal_us,1930.0,usd_billions,nominal,global,measured,primary,0001403161-18-000009/v123117form10q.htm,846549,846554,"1,930",Total nominal payments volume,current,
FY2017Q4,payments_volume_nominal_us,985.0,usd_billions,nominal,international,measured,primary,0001403161-18-000009/v123117form10q.htm,844876,844879,985,Total nominal payments volume,comparative,prior-year column; not a first print (DR-04)
FY2017Q4,payments_volume_nominal_us,1094.0,usd_billions,nominal,international,measured,primary,0001403161-18-000009/v123117form10q.htm,843931,843936,"1,094",Total nominal payments volume,current,
FY2017Q4,payments_volume_nominal_us,768.0,usd_billions,nominal,us,measured,primary,0001403161-18-000009/v123117form10q.htm,842259,842262,768,Total nominal payments volume,comparative,prior-year column; not a first print (DR-04)
FY2017Q4,payments_volume_nominal_us,836.0,usd_billions,nominal,us,measured,primary,0001403161-18-000009/v123117form10q.htm,841316,841319,836,Total nominal payments volume,current,
FY2017Q4,payments_volume_prior_quarter_growth_constant,10.0,percent,constant_dollar,global,measured,primary,0001403161-18-000008/vex991earningsrelease123.htm,5659,5662,10%,on which fiscal,,
FY2017Q4,service_revenue,2116.0,usd_millions,gaap,global,measured,primary,0001403161-17-000041/vex991093017earningsrelease.htm,147232,147237,"2,116",Service revenues,,
FY2017Q4,special_item_operating_expense,-110.0,usd_millions,gaap,global,measured,primary,0001403161-17-000041/vex991093017earningsrelease.htm,547123,547128,(110),Severance cost,,three-month operating-expense bridge line
FY2017Q4,special_items,117.0,usd_millions,gaap,global,derived,primary,0001403161-17-000041/vex991093017earningsrelease.htm,188602,188607,"1,643",Total operating expenses,,Net amount removed from GAAP opex
FY2017Q4,tax_rate,0.31,ratio,gaap,global,measured,primary,0001403161-17-000041/vex991093017earningsrelease.htm,22030,22034,31.0,effective income tax rate was,,
FY2017Q4,total_volume_nominal_us,2483.0,usd_billions,nominal,global,measured,primary,0001403161-18-000009/v123117form10q.htm,861534,861539,"2,483",Total nominal volume(6),comparative,prior-year column; not a first print (DR-04)
FY2017Q4,total_volume_nominal_us,2677.0,usd_billions,nominal,global,measured,primary,0001403161-18-000009/v123117form10q.htm,860490,860495,"2,677",Total nominal volume(6),current,
FY2017Q4,total_volume_nominal_us,1580.0,usd_billions,nominal,international,measured,primary,0001403161-18-000009/v123117form10q.htm,858717,858722,"1,580",Total nominal volume(6),comparative,prior-year column; not a first print (DR-04)
FY2017Q4,total_volume_nominal_us,1700.0,usd_billions,nominal,international,measured,primary,0001403161-18-000009/v123117form10q.htm,857673,857678,"1,700",Total nominal volume(6),current,
FY2017Q4,total_volume_nominal_us,903.0,usd_billions,nominal,us,measured,primary,0001403161-18-000009/v123117form10q.htm,855902,855905,903,Total nominal volume(6),comparative,prior-year column; not a first print (DR-04)
FY2017Q4,total_volume_nominal_us,978.0,usd_billions,nominal,us,measured,primary,0001403161-18-000009/v123117form10q.htm,854860,854863,978,Total nominal volume(6),current,
FY2018Q1,cash_volume_nominal_us,719.0,usd_billions,nominal,global,measured,primary,0001403161-18-000020/v33118form10q.htm,1078676,1078679,719,Cash volume,comparative,prior-year column; not a first print (DR-04)
FY2018Q1,cash_volume_nominal_us,751.0,usd_billions,nominal,global,measured,primary,0001403161-18-000020/v33118form10q.htm,1078056,1078059,751,Cash volume,current,
FY2018Q1,cash_volume_nominal_us,586.0,usd_billions,nominal,international,measured,primary,0001403161-18-000020/v33118form10q.htm,1076799,1076802,586,Cash volume,comparative,prior-year column; not a first print (DR-04)
FY2018Q1,cash_volume_nominal_us,613.0,usd_billions,nominal,international,measured,primary,0001403161-18-000020/v33118form10q.htm,1076179,1076182,613,Cash volume,current,
FY2018Q1,cash_volume_nominal_us,134.0,usd_billions,nominal,us,measured,primary,0001403161-18-000020/v33118form10q.htm,1074922,1074925,134,Cash volume,comparative,prior-year column; not a first print (DR-04)
FY2018Q1,cash_volume_nominal_us,137.0,usd_billions,nominal,us,measured,primary,0001403161-18-000020/v33118form10q.htm,1074334,1074337,137,Cash volume,current,
FY2018Q1,net_revenue,4.0,usd_millions,gaap,global,measured,primary,0001403161-18-000008/vex991earningsrelease123.htm,1385,1386,4,Net revenue,,
FY2018Q1,payments_volume_nominal_us,1807.0,usd_billions,nominal,global,measured,primary,0001403161-18-000020/v33118form10q.htm,1072970,1072975,"1,807",Total nominal payments volume,comparative,prior-year column; not a first print (DR-04)
FY2018Q1,payments_volume_nominal_us,2033.0,usd_billions,nominal,global,measured,primary,0001403161-18-000020/v33118form10q.htm,1072025,1072030,"2,033",Total nominal payments volume,current,
FY2018Q1,payments_volume_nominal_us,1003.0,usd_billions,nominal,international,measured,primary,0001403161-18-000020/v33118form10q.htm,1070350,1070355,"1,003",Total nominal payments volume,comparative,prior-year column; not a first print (DR-04)
FY2018Q1,payments_volume_nominal_us,1152.0,usd_billions,nominal,international,measured,primary,0001403161-18-000020/v33118form10q.htm,1069405,1069410,"1,152",Total nominal payments volume,current,
FY2018Q1,payments_volume_nominal_us,804.0,usd_billions,nominal,us,measured,primary,0001403161-18-000020/v33118form10q.htm,1067732,1067735,804,Total nominal payments volume,comparative,prior-year column; not a first print (DR-04)
FY2018Q1,payments_volume_nominal_us,881.0,usd_billions,nominal,us,measured,primary,0001403161-18-000020/v33118form10q.htm,1066789,1066792,881,Total nominal payments volume,current,
FY2018Q1,payments_volume_prior_quarter_growth_constant,10.0,percent,constant_dollar,global,measured,primary,0001403161-18-000018/vex991earningsrelease033.htm,4134,4137,10%,on which fiscal,,
FY2018Q1,processed_transactions_count,30500.0,transactions_millions,count,global,measured,primary,0001403161-18-000008/vex991earningsrelease123.htm,6200,6204,30.5,three months ended,,
FY2018Q1,total_volume_nominal_us,2527.0,usd_billions,nominal,global,measured,primary,0001403161-18-000020/v33118form10q.htm,1087141,1087146,"2,527",Total nominal volume(6),comparative,prior-year column; not a first print (DR-04)
FY2018Q1,total_volume_nominal_us,2784.0,usd_billions,nominal,global,measured,primary,0001403161-18-000020/v33118form10q.htm,1086097,1086102,"2,784",Total nominal volume(6),current,
FY2018Q1,total_volume_nominal_us,1589.0,usd_billions,nominal,international,measured,primary,0001403161-18-000020/v33118form10q.htm,1084323,1084328,"1,589",Total nominal volume(6),comparative,prior-year column; not a first print (DR-04)
FY2018Q1,total_volume_nominal_us,1765.0,usd_billions,nominal,international,measured,primary,0001403161-18-000020/v33118form10q.htm,1083279,1083284,"1,765",Total nominal volume(6),current,
FY2018Q1,total_volume_nominal_us,938.0,usd_billions,nominal,us,measured,primary,0001403161-18-000020/v33118form10q.htm,1081508,1081511,938,Total nominal volume(6),comparative,prior-year column; not a first print (DR-04)
FY2018Q1,total_volume_nominal_us,1019.0,usd_billions,nominal,us,measured,primary,0001403161-18-000020/v33118form10q.htm,1080464,1080469,"1,019",Total nominal volume(6),current,
FY2018Q2,cash_volume_nominal_us,684.0,usd_billions,nominal,global,measured,primary,0001403161-18-000034/v63018form10q.htm,1114196,1114199,684,Cash volume,comparative,prior-year column; not a first print (DR-04)
FY2018Q2,cash_volume_nominal_us,724.0,usd_billions,nominal,global,measured,primary,0001403161-18-000034/v63018form10q.htm,1113576,1113579,724,Cash volume,current,
FY2018Q2,cash_volume_nominal_us,551.0,usd_billions,nominal,international,measured,primary,0001403161-18-000034/v63018form10q.htm,1112319,1112322,551,Cash volume,comparative,prior-year column; not a first print (DR-04)
FY2018Q2,cash_volume_nominal_us,584.0,usd_billions,nominal,international,measured,primary,0001403161-18-000034/v63018form10q.htm,1111699,1111702,584,Cash volume,current,
FY2018Q2,cash_volume_nominal_us,133.0,usd_billions,nominal,us,measured,primary,0001403161-18-000034/v63018form10q.htm,1110442,1110445,133,Cash volume,comparative,prior-year column; not a first print (DR-04)
FY2018Q2,cash_volume_nominal_us,139.0,usd_billions,nominal,us,measured,primary,0001403161-18-000034/v63018form10q.htm,1109822,1109825,139,Cash volume,current,
FY2018Q2,client_incentives,1289.0,usd_millions,gaap,global,measured,primary,0001403161-18-000018/vex991earningsrelease033.htm,15262,15269,"(1,289)",Client incentives,,
FY2018Q2,cross_border_total_growth_constant,11.0,percent,constant_dollar,global,measured,primary,0001403161-18-000018/vex991earningsrelease033.htm,15929,15932,11%,cross-border volume,,
FY2018Q2,data_processing_revenue,2127.0,usd_millions,gaap,global,measured,primary,0001403161-18-000018/vex991earningsrelease033.htm,15148,15153,"2,127",Data processing,,
FY2018Q2,international_transaction_revenue,1752.0,usd_millions,gaap,global,measured,primary,0001403161-18-000018/vex991earningsrelease033.htm,15199,15204,"1,752",International transaction,,
FY2018Q2,net_revenue,5.0,usd_millions,gaap,global,measured,primary,0001403161-18-000018/vex991earningsrelease033.htm,1213,1214,5,Net revenue,,
FY2018Q2,operating_expenses_ex_special_items,1737.0,usd_millions,ex_special_items,global,derived,primary,0001403161-18-000018/vex991earningsrelease033.htm,21594,21599,"1,737",Total operating expenses,,No operating-expense adjustments in the three-month reconciliation; set equal to GAAP.
FY2018Q2,operating_expenses_gaap,1737.0,usd_millions,gaap,global,measured,primary,0001403161-18-000018/vex991earningsrelease033.htm,21594,21599,"1,737",Total operating expenses,,
FY2018Q2,operating_profit_ex_special_items,-1732.0,usd_millions,ex_special_items,global,derived,primary,0001403161-18-000018/vex991earningsrelease033.htm,21594,21599,"1,737",Total operating expenses,,
FY2018Q2,operating_profit_gaap,-1732.0,usd_millions,gaap,global,derived,primary,0001403161-18-000018/vex991earningsrelease033.htm,1213,1214,5,Net revenue,,
FY2018Q2,other_revenue,230.0,usd_millions,gaap,global,measured,primary,0001403161-18-000018/vex991earningsrelease033.htm,15230,15233,230,Other revenue,,
FY2018Q2,payments_volume_growth_constant,11.0,percent,constant_dollar,global,measured,primary,0001403161-18-000018/vex991earningsrelease033.htm,15899,15902,11%,payments volume,,
FY2018Q2,payments_volume_growth_nominal,15.0,percent,nominal,global,measured,primary,0001403161-18-000018/vex991earningsrelease033.htm,15903,15906,15%,payments volume,,
FY2018Q2,payments_volume_nominal_us,1736.0,usd_billions,nominal,global,measured,primary,0001403161-18-000034/v63018form10q.htm,1108426,1108431,"1,736",Total nominal payments volume,comparative,prior-year column; not a first print (DR-04)
FY2018Q2,payments_volume_nominal_us,1998.0,usd_billions,nominal,global,measured,primary,0001403161-18-000034/v63018form10q.htm,1107510,1107515,"1,998",Total nominal payments volume,current,
FY2018Q2,payments_volume_nominal_us,960.0,usd_billions,nominal,international,measured,primary,0001403161-18-000034/v63018form10q.htm,1105895,1105898,960,Total nominal payments volume,comparative,prior-year column; not a first print (DR-04)
FY2018Q2,payments_volume_nominal_us,1143.0,usd_billions,nominal,international,measured,primary,0001403161-18-000034/v63018form10q.htm,1104979,1104984,"1,143",Total nominal payments volume,current,
FY2018Q2,payments_volume_nominal_us,776.0,usd_billions,nominal,us,measured,primary,0001403161-18-000034/v63018form10q.htm,1103364,1103367,776,Total nominal payments volume,comparative,prior-year column; not a first print (DR-04)
FY2018Q2,payments_volume_nominal_us,854.0,usd_billions,nominal,us,measured,primary,0001403161-18-000034/v63018form10q.htm,1102450,1102453,854,Total nominal payments volume,current,
FY2018Q2,payments_volume_prior_quarter_growth_constant,11.0,percent,constant_dollar,global,measured,primary,0001403161-18-000030/vex991earningsrelease630.htm,4602,4605,11%,on which fiscal,,
FY2018Q2,processed_transactions_count,29300.0,transactions_millions,count,global,measured,primary,0001403161-18-000018/vex991earningsrelease033.htm,4578,4582,29.3,three months ended,,
FY2018Q2,processed_transactions_growth,12.0,percent,count,global,measured,primary,0001403161-18-000018/vex991earningsrelease033.htm,15962,15965,12%,processed transactions,,
FY2018Q2,service_revenue,2253.0,usd_millions,gaap,global,measured,primary,0001403161-18-000018/vex991earningsrelease033.htm,15079,15084,"2,253",Service revenue,,
FY2018Q2,special_items,0.0,usd_millions,gaap,global,derived,primary,0001403161-18-000018/vex991earningsrelease033.htm,21594,21599,"1,737",Total operating expenses,,Net amount removed from GAAP opex
FY2018Q2,tax_rate,0.19,ratio,gaap,global,measured,primary,0001403161-18-000018/vex991earningsrelease033.htm,5649,5653,19.0,effective income tax rate was,,
FY2018Q2,total_volume_nominal_us,2421.0,usd_billions,nominal,global,measured,primary,0001403161-18-000034/v63018form10q.htm,1122659,1122664,"2,421",Total nominal volume(6),comparative,prior-year column; not a first print (DR-04)
FY2018Q2,total_volume_nominal_us,2721.0,usd_billions,nominal,global,measured,primary,0001403161-18-000034/v63018form10q.htm,1121615,1121620,"2,721",Total nominal volume(6),current,
FY2018Q2,total_volume_nominal_us,1512.0,usd_billions,nominal,international,measured,primary,0001403161-18-000034/v63018form10q.htm,1119841,1119846,"1,512",Total nominal volume(6),comparative,prior-year column; not a first print (DR-04)
FY2018Q2,total_volume_nominal_us,1728.0,usd_billions,nominal,international,measured,primary,0001403161-18-000034/v63018form10q.htm,1118797,1118802,"1,728",Total nominal volume(6),current,
FY2018Q2,total_volume_nominal_us,909.0,usd_billions,nominal,us,measured,primary,0001403161-18-000034/v63018form10q.htm,1117026,1117029,909,Total nominal volume(6),comparative,prior-year column; not a first print (DR-04)
FY2018Q2,total_volume_nominal_us,993.0,usd_billions,nominal,us,measured,primary,0001403161-18-000034/v63018form10q.htm,1115984,1115987,993,Total nominal volume(6),current,
FY2018Q3,client_incentives,1374.0,usd_millions,gaap,global,measured,primary,0001403161-18-000030/vex991earningsrelease630.htm,16722,16729,"(1,374)",Client incentives,,
FY2018Q3,cross_border_total_growth_constant,10.0,percent,constant_dollar,global,measured,primary,0001403161-18-000030/vex991earningsrelease630.htm,18517,18520,10%,cross-border volume,,
FY2018Q3,data_processing_revenue,2359.0,usd_millions,gaap,global,measured,primary,0001403161-18-000030/vex991earningsrelease630.htm,16417,16422,"2,359",Data processing,,
FY2018Q3,international_transaction_revenue,1830.0,usd_millions,gaap,global,measured,primary,0001403161-18-000030/vex991earningsrelease630.htm,16520,16525,"1,830",International transaction,,
FY2018Q3,net_revenue,5.0,usd_millions,gaap,global,measured,primary,0001403161-18-000030/vex991earningsrelease630.htm,1584,1585,5,Net revenue,,
FY2018Q3,operating_expenses_ex_special_items,2355.0,usd_millions,ex_special_items,global,derived,primary,0001403161-18-000030/vex991earningsrelease630.htm,17654,17659,"2,355",Total operating expenses,,No operating-expense adjustments in the three-month reconciliation; set equal to GAAP.
FY2018Q3,operating_expenses_gaap,2355.0,usd_millions,gaap,global,measured,primary,0001403161-18-000030/vex991earningsrelease630.htm,17654,17659,"2,355",Total operating expenses,,
FY2018Q3,operating_profit_ex_special_items,-2350.0,usd_millions,ex_special_items,global,derived,primary,0001403161-18-000030/vex991earningsrelease630.htm,17654,17659,"2,355",Total operating expenses,,
FY2018Q3,operating_profit_gaap,-2350.0,usd_millions,gaap,global,derived,primary,0001403161-18-000030/vex991earningsrelease630.htm,1584,1585,5,Net revenue,,
FY2018Q3,other_revenue,229.0,usd_millions,gaap,global,measured,primary,0001403161-18-000030/vex991earningsrelease630.htm,16623,16626,229,Other revenue,,
FY2018Q3,payments_volume_growth_constant,11.0,percent,constant_dollar,global,measured,primary,0001403161-18-000030/vex991earningsrelease630.htm,18449,18452,11%,payments volume,,
FY2018Q3,payments_volume_growth_nominal,13.0,percent,nominal,global,measured,primary,0001403161-18-000030/vex991earningsrelease630.htm,18466,18469,13%,payments volume,,
FY2018Q3,payments_volume_prior_quarter_growth_constant,11.0,percent,constant_dollar,global,measured,primary,0001403161-18-000052/fy18q4pressrelease10.htm,5103,5106,11%,on which fiscal,,
FY2018Q3,processed_transactions_count,31700.0,transactions_millions,count,global,measured,primary,0001403161-18-000030/vex991earningsrelease630.htm,5009,5013,31.7,three months ended,,
FY2018Q3,processed_transactions_growth,12.0,percent,count,global,measured,primary,0001403161-18-000030/vex991earningsrelease630.htm,18585,18588,12%,processed transactions,,
FY2018Q3,service_revenue,2196.0,usd_millions,gaap,global,measured,primary,0001403161-18-000030/vex991earningsrelease630.htm,16316,16321,"2,196",Service revenue,,
FY2018Q3,special_items,0.0,usd_millions,gaap,global,derived,primary,0001403161-18-000030/vex991earningsrelease630.htm,17654,17659,"2,355",Total operating expenses,,Net amount removed from GAAP opex
FY2018Q3,tax_rate,0.172,ratio,gaap,global,measured,primary,0001403161-18-000030/vex991earningsrelease630.htm,6091,6095,17.2,effective income tax rate was,,
FY2018Q4,cash_volume_nominal_us,756.0,usd_billions,nominal,global,measured,primary,0001403161-19-000005/v123118form10q.htm,985450,985453,756,Cash volume,comparative,prior-year column; not a first print (DR-04)
FY2018Q4,cash_volume_nominal_us,723.0,usd_billions,nominal,global,measured,primary,0001403161-19-000005/v123118form10q.htm,984830,984833,723,Cash volume,current,
FY2018Q4,cash_volume_nominal_us,615.0,usd_billions,nominal,international,measured,primary,0001403161-19-000005/v123118form10q.htm,983571,983574,615,Cash volume,comparative,prior-year column; not a first print (DR-04)
FY2018Q4,cash_volume_nominal_us,578.0,usd_billions,nominal,international,measured,primary,0001403161-19-000005/v123118form10q.htm,982951,982954,578,Cash volume,current,
FY2018Q4,cash_volume_nominal_us,142.0,usd_billions,nominal,us,measured,primary,0001403161-19-000005/v123118form10q.htm,981694,981697,142,Cash volume,comparative,prior-year column; not a first print (DR-04)
FY2018Q4,cash_volume_nominal_us,145.0,usd_billions,nominal,us,measured,primary,0001403161-19-000005/v123118form10q.htm,981074,981077,145,Cash volume,current,
FY2018Q4,client_incentives,1502.0,usd_millions,gaap,global,measured,primary,0001403161-18-000052/fy18q4pressrelease10.htm,21878,21885,"(1,502)",Client incentives,,
FY2018Q4,cross_border_total_growth_constant,10.0,percent,constant_dollar,global,measured,primary,0001403161-18-000052/fy18q4pressrelease10.htm,22641,22644,10%,cross-border volume,,
FY2018Q4,data_processing_revenue,2394.0,usd_millions,gaap,global,measured,primary,0001403161-18-000052/fy18q4pressrelease10.htm,21748,21753,"2,394",Data processing,,
FY2018Q4,international_transaction_revenue,1963.0,usd_millions,gaap,global,measured,primary,0001403161-18-000052/fy18q4pressrelease10.htm,21805,21810,"1,963",International transaction,,
FY2018Q4,net_interest_other,132.0,usd_millions,gaap,global,measured,primary,0001403161-18-000052/fy18q4pressrelease10.htm,6327,6330,132,Non-operating,,
FY2018Q4,net_revenue,5.0,usd_millions,gaap,global,measured,primary,0001403161-18-000052/fy18q4pressrelease10.htm,1261,1262,5,Net revenue,,
FY2018Q4,operating_expenses_ex_special_items,2028.0,usd_millions,ex_special_items,global,derived,primary,0001403161-18-000052/fy18q4pressrelease10.htm,30538,30543,"2,028",Total operating expenses,,No operating-expense adjustments in the three-month reconciliation; set equal to GAAP.
FY2018Q4,operating_expenses_gaap,2028.0,usd_millions,gaap,global,measured,primary,0001403161-18-000052/fy18q4pressrelease10.htm,30538,30543,"2,028",Total operating expenses,,
FY2018Q4,operating_profit_ex_special_items,-2023.0,usd_millions,ex_special_items,global,derived,primary,0001403161-18-000052/fy18q4pressrelease10.htm,30538,30543,"2,028",Total operating expenses,,
FY2018Q4,operating_profit_gaap,-2023.0,usd_millions,gaap,global,derived,primary,0001403161-18-000052/fy18q4pressrelease10.htm,1261,1262,5,Net revenue,,
FY2018Q4,other_revenue,256.0,usd_millions,gaap,global,measured,primary,0001403161-18-000052/fy18q4pressrelease10.htm,21842,21845,256,Other revenue,,
FY2018Q4,payments_volume_growth_constant,11.0,percent,constant_dollar,global,measured,primary,0001403161-18-000052/fy18q4pressrelease10.htm,22612,22615,11%,payments volume,,
FY2018Q4,payments_volume_growth_nominal,8.0,percent,nominal,global,measured,primary,0001403161-18-000052/fy18q4pressrelease10.htm,22616,22618,8%,payments volume,,
FY2018Q4,payments_volume_nominal_us,1946.0,usd_billions,nominal,global,measured,primary,0001403161-19-000005/v123118form10q.htm,979673,979678,"1,946",Total nominal payments volume,comparative,prior-year column; not a first print (DR-04)
FY2018Q4,payments_volume_nominal_us,2112.0,usd_billions,nominal,global,measured,primary,0001403161-19-000005/v123118form10q.htm,978757,978762,"2,112",Total nominal payments volume,current,
FY2018Q4,payments_volume_nominal_us,1106.0,usd_billions,nominal,international,measured,primary,0001403161-19-000005/v123118form10q.htm,977135,977140,"1,106",Total nominal payments volume,comparative,prior-year column; not a first print (DR-04)
FY2018Q4,payments_volume_nominal_us,1167.0,usd_billions,nominal,international,measured,primary,0001403161-19-000005/v123118form10q.htm,976219,976224,"1,167",Total nominal payments volume,current,
FY2018Q4,payments_volume_nominal_us,840.0,usd_billions,nominal,us,measured,primary,0001403161-19-000005/v123118form10q.htm,974604,974607,840,Total nominal payments volume,comparative,prior-year column; not a first print (DR-04)
FY2018Q4,payments_volume_nominal_us,945.0,usd_billions,nominal,us,measured,primary,0001403161-19-000005/v123118form10q.htm,973690,973693,945,Total nominal payments volume,current,
FY2018Q4,payments_volume_prior_quarter_growth_constant,12.0,percent,constant_dollar,global,measured,primary,0001403161-19-000002/fy19q1pressrelease.htm,4364,4367,12%,on which fiscal,,
FY2018Q4,processed_transactions_count,32800.0,transactions_millions,count,global,measured,primary,0001403161-18-000052/fy18q4pressrelease10.htm,5567,5571,32.8,three months ended,,
FY2018Q4,processed_transactions_growth,12.0,percent,count,global,measured,primary,0001403161-18-000052/fy18q4pressrelease10.htm,22673,22676,12%,processed transactions,,
FY2018Q4,service_revenue,2323.0,usd_millions,gaap,global,measured,primary,0001403161-18-000052/fy18q4pressrelease10.htm,21665,21670,"2,323",Service revenue,,
FY2018Q4,special_items,0.0,usd_millions,gaap,global,derived,primary,0001403161-18-000052/fy18q4pressrelease10.htm,30538,30543,"2,028",Total operating expenses,,Net amount removed from GAAP opex
FY2018Q4,tax_rate,0.196,ratio,gaap,global,measured,primary,0001403161-18-000052/fy18q4pressrelease10.htm,6838,6842,19.6,effective income tax rate was,,
FY2018Q4,total_volume_nominal_us,2702.0,usd_billions,nominal,global,measured,primary,0001403161-19-000005/v123118form10q.htm,993923,993928,"2,702",Total nominal volume(5),comparative,prior-year column; not a first print (DR-04)
FY2018Q4,total_volume_nominal_us,2835.0,usd_billions,nominal,global,measured,primary,0001403161-19-000005/v123118form10q.htm,992879,992884,"2,835",Total nominal volume(5),current,
FY2018Q4,total_volume_nominal_us,1720.0,usd_billions,nominal,international,measured,primary,0001403161-19-000005/v123118form10q.htm,991100,991105,"1,720",Total nominal volume(5),comparative,prior-year column; not a first print (DR-04)
FY2018Q4,total_volume_nominal_us,1745.0,usd_billions,nominal,international,measured,primary,0001403161-19-000005/v123118form10q.htm,990056,990061,"1,745",Total nominal volume(5),current,
FY2018Q4,total_volume_nominal_us,982.0,usd_billions,nominal,us,measured,primary,0001403161-19-000005/v123118form10q.htm,988284,988287,982,Total nominal volume(5),comparative,prior-year column; not a first print (DR-04)
FY2018Q4,total_volume_nominal_us,1089.0,usd_billions,nominal,us,measured,primary,0001403161-19-000005/v123118form10q.htm,987240,987245,"1,089",Total nominal volume(5),current,
FY2019Q1,cash_volume_nominal_us,764.0,usd_billions,nominal,global,measured,primary,0001403161-19-000017/v33119form10q.htm,1518404,1518407,764,Cash volume,comparative,prior-year column; not a first print (DR-04)
FY2019Q1,cash_volume_nominal_us,729.0,usd_billions,nominal,global,measured,primary,0001403161-19-000017/v33119form10q.htm,1517784,1517787,729,Cash volume,current,
FY2019Q1,cash_volume_nominal_us,626.0,usd_billions,nominal,international,measured,primary,0001403161-19-000017/v33119form10q.htm,1516525,1516528,626,Cash volume,comparative,prior-year column; not a first print (DR-04)
FY2019Q1,cash_volume_nominal_us,587.0,usd_billions,nominal,international,measured,primary,0001403161-19-000017/v33119form10q.htm,1515905,1515908,587,Cash volume,current,
FY2019Q1,cash_volume_nominal_us,137.0,usd_billions,nominal,us,measured,primary,0001403161-19-000017/v33119form10q.htm,1514648,1514651,137,Cash volume,comparative,prior-year column; not a first print (DR-04)
FY2019Q1,cash_volume_nominal_us,142.0,usd_billions,nominal,us,measured,primary,0001403161-19-000017/v33119form10q.htm,1514028,1514031,142,Cash volume,current,
FY2019Q1,client_incentives,1456.0,usd_millions,gaap,global,measured,primary,0001403161-19-000002/fy19q1pressrelease.htm,16069,16076,"(1,456)",Client incentives,,
FY2019Q1,cross_border_total_growth_constant,7.0,percent,constant_dollar,global,measured,primary,0001403161-19-000002/fy19q1pressrelease.htm,16810,16812,7%,cross-border volume,,
FY2019Q1,data_processing_revenue,2470.0,usd_millions,gaap,global,measured,primary,0001403161-19-000002/fy19q1pressrelease.htm,15939,15944,"2,470",Data processing,,
FY2019Q1,international_transaction_revenue,1851.0,usd_millions,gaap,global,measured,primary,0001403161-19-000002/fy19q1pressrelease.htm,15996,16001,"1,851",International transaction,,
FY2019Q1,net_revenue,5.0,usd_millions,gaap,global,measured,primary,0001403161-19-000002/fy19q1pressrelease.htm,1092,1093,5,Net revenue,,
FY2019Q1,operating_expenses_ex_special_items,1789.0,usd_millions,ex_special_items,global,derived,primary,0001403161-19-000002/fy19q1pressrelease.htm,22174,22179,"1,789",Total operating expenses,,No operating-expense adjustments in the three-month reconciliation; set equal to GAAP.
FY2019Q1,operating_expenses_gaap,1789.0,usd_millions,gaap,global,measured,primary,0001403161-19-000002/fy19q1pressrelease.htm,22174,22179,"1,789",Total operating expenses,,
FY2019Q1,operating_profit_ex_special_items,-1784.0,usd_millions,ex_special_items,global,derived,primary,0001403161-19-000002/fy19q1pressrelease.htm,22174,22179,"1,789",Total operating expenses,,
FY2019Q1,operating_profit_gaap,-1784.0,usd_millions,gaap,global,derived,primary,0001403161-19-000002/fy19q1pressrelease.htm,1092,1093,5,Net revenue,,
FY2019Q1,other_revenue,299.0,usd_millions,gaap,global,measured,primary,0001403161-19-000002/fy19q1pressrelease.htm,16033,16036,299,Other revenue,,
FY2019Q1,payments_volume_growth_constant,11.0,percent,constant_dollar,global,measured,primary,0001403161-19-000002/fy19q1pressrelease.htm,16781,16784,11%,payments volume,,
FY2019Q1,payments_volume_growth_nominal,7.0,percent,nominal,global,measured,primary,0001403161-19-000002/fy19q1pressrelease.htm,16785,16787,7%,payments volume,,
FY2019Q1,payments_volume_nominal_us,2051.0,usd_billions,nominal,global,measured,primary,0001403161-19-000017/v33119form10q.htm,1512627,1512632,"2,051",Total nominal payments volume,comparative,prior-year column; not a first print (DR-04)
FY2019Q1,payments_volume_nominal_us,2197.0,usd_billions,nominal,global,measured,primary,0001403161-19-000017/v33119form10q.htm,1511682,1511687,"2,197",Total nominal payments volume,current,
FY2019Q1,payments_volume_nominal_us,1164.0,usd_billions,nominal,international,measured,primary,0001403161-19-000017/v33119form10q.htm,1510002,1510007,"1,164",Total nominal payments volume,comparative,prior-year column; not a first print (DR-04)
FY2019Q1,payments_volume_nominal_us,1218.0,usd_billions,nominal,international,measured,primary,0001403161-19-000017/v33119form10q.htm,1509057,1509062,"1,218",Total nominal payments volume,current,
FY2019Q1,payments_volume_nominal_us,886.0,usd_billions,nominal,us,measured,primary,0001403161-19-000017/v33119form10q.htm,1507384,1507387,886,Total nominal payments volume,comparative,prior-year column; not a first print (DR-04)
FY2019Q1,payments_volume_nominal_us,979.0,usd_billions,nominal,us,measured,primary,0001403161-19-000017/v33119form10q.htm,1506441,1506444,979,Total nominal payments volume,current,
FY2019Q1,payments_volume_prior_quarter_growth_constant,11.0,percent,constant_dollar,global,measured,primary,0001403161-19-000014/fy19q2pressreleasefinal.htm,3552,3555,11%,on which fiscal,,
FY2019Q1,processed_transactions_count,33900.0,transactions_millions,count,global,measured,primary,0001403161-19-000002/fy19q1pressrelease.htm,4822,4826,33.9,three months ended,,
FY2019Q1,processed_transactions_growth,11.0,percent,count,global,measured,primary,0001403161-19-000002/fy19q1pressrelease.htm,16841,16844,11%,processed transactions,,
FY2019Q1,service_revenue,2342.0,usd_millions,gaap,global,measured,primary,0001403161-19-000002/fy19q1pressrelease.htm,15866,15871,"2,342",Service revenue,,
FY2019Q1,special_items,0.0,usd_millions,gaap,global,derived,primary,0001403161-19-000002/fy19q1pressrelease.htm,22174,22179,"1,789",Total operating expenses,,Net amount removed from GAAP opex
FY2019Q1,tax_rate,0.18,ratio,gaap,global,measured,primary,0001403161-19-000002/fy19q1pressrelease.htm,5859,5863,18.0,effective income tax rate was,,
FY2019Q1,total_volume_nominal_us,2814.0,usd_billions,nominal,global,measured,primary,0001403161-19-000017/v33119form10q.htm,1526879,1526884,"2,814",Total nominal volume(5),comparative,prior-year column; not a first print (DR-04)
FY2019Q1,total_volume_nominal_us,2926.0,usd_billions,nominal,global,measured,primary,0001403161-19-000017/v33119form10q.htm,1525835,1525840,"2,926",Total nominal volume(5),current,
FY2019Q1,total_volume_nominal_us,1791.0,usd_billions,nominal,international,measured,primary,0001403161-19-000017/v33119form10q.htm,1524056,1524061,"1,791",Total nominal volume(5),comparative,prior-year column; not a first print (DR-04)
FY2019Q1,total_volume_nominal_us,1805.0,usd_billions,nominal,international,measured,primary,0001403161-19-000017/v33119form10q.htm,1523012,1523017,"1,805",Total nominal volume(5),current,
FY2019Q1,total_volume_nominal_us,1024.0,usd_billions,nominal,us,measured,primary,0001403161-19-000017/v33119form10q.htm,1521238,1521243,"1,024",Total nominal volume(5),comparative,prior-year column; not a first print (DR-04)
FY2019Q1,total_volume_nominal_us,1121.0,usd_billions,nominal,us,measured,primary,0001403161-19-000017/v33119form10q.htm,1520194,1520199,"1,121",Total nominal volume(5),current,
FY2019Q2,cash_volume_nominal_us,737.0,usd_billions,nominal,global,measured,primary,0001403161-19-000030/v63019form10q.htm,2131101,2131104,737,Cash volume,comparative,prior-year column; not a first print (DR-04)
FY2019Q2,cash_volume_nominal_us,680.0,usd_billions,nominal,global,measured,primary,0001403161-19-000030/v63019form10q.htm,2130480,2130483,680,Cash volume,current,
FY2019Q2,cash_volume_nominal_us,598.0,usd_billions,nominal,international,measured,primary,0001403161-19-000030/v63019form10q.htm,2129219,2129222,598,Cash volume,comparative,prior-year column; not a first print (DR-04)
FY2019Q2,cash_volume_nominal_us,540.0,usd_billions,nominal,international,measured,primary,0001403161-19-000030/v63019form10q.htm,2128598,2128601,540,Cash volume,current,
FY2019Q2,cash_volume_nominal_us,139.0,usd_billions,nominal,us,measured,primary,0001403161-19-000030/v63019form10q.htm,2127340,2127343,139,Cash volume,comparative,prior-year column; not a first print (DR-04)
FY2019Q2,cash_volume_nominal_us,141.0,usd_billions,nominal,us,measured,primary,0001403161-19-000030/v63019form10q.htm,2126719,2126722,141,Cash volume,current,
FY2019Q2,client_incentives,1478.0,usd_millions,gaap,global,measured,primary,0001403161-19-000014/fy19q2pressreleasefinal.htm,15166,15173,"(1,478)",Client incentives,,
FY2019Q2,data_processing_revenue,2432.0,usd_millions,gaap,global,measured,primary,0001403161-19-000014/fy19q2pressreleasefinal.htm,15065,15070,"2,432",Data processing,,
FY2019Q2,international_transaction_revenue,1796.0,usd_millions,gaap,global,measured,primary,0001403161-19-000014/fy19q2pressreleasefinal.htm,15112,15117,"1,796",International transaction,,
FY2019Q2,net_interest_other,36.0,usd_millions,gaap,global,measured,primary,0001403161-19-000014/fy19q2pressreleasefinal.htm,4954,4956,36,Non-operating,,
FY2019Q2,net_revenue,5.0,usd_millions,gaap,global,measured,primary,0001403161-19-000014/fy19q2pressreleasefinal.htm,935,936,5,Net revenue,,
FY2019Q2,operating_expenses_ex_special_items,1853.0,usd_millions,ex_special_items,global,derived,primary,0001403161-19-000014/fy19q2pressreleasefinal.htm,21140,21145,"1,853",Total operating expenses,,No operating-expense adjustments in the three-month reconciliation; set equal to GAAP.
FY2019Q2,operating_expenses_gaap,1853.0,usd_millions,gaap,global,measured,primary,0001403161-19-000014/fy19q2pressreleasefinal.htm,21140,21145,"1,853",Total operating expenses,,
FY2019Q2,operating_profit_ex_special_items,-1848.0,usd_millions,ex_special_items,global,derived,primary,0001403161-19-000014/fy19q2pressreleasefinal.htm,21140,21145,"1,853",Total operating expenses,,
FY2019Q2,operating_profit_gaap,-1848.0,usd_millions,gaap,global,derived,primary,0001403161-19-000014/fy19q2pressreleasefinal.htm,935,936,5,Net revenue,,
FY2019Q2,other_revenue,327.0,usd_millions,gaap,global,measured,primary,0001403161-19-000014/fy19q2pressreleasefinal.htm,15138,15141,327,Other revenue,,
FY2019Q2,payments_volume_growth_constant,8.0,percent,constant_dollar,global,measured,primary,0001403161-19-000014/fy19q2pressreleasefinal.htm,15755,15757,8%,payments volume,,
FY2019Q2,payments_volume_growth_nominal,4.0,percent,nominal,global,measured,primary,0001403161-19-000014/fy19q2pressreleasefinal.htm,15758,15760,4%,payments volume,,
FY2019Q2,payments_volume_nominal_us,2018.0,usd_billions,nominal,global,measured,primary,0001403161-19-000030/v63019form10q.htm,2125317,2125322,"2,018",Total nominal payments volume,comparative,prior-year column; not a first print (DR-04)
FY2019Q2,payments_volume_nominal_us,2085.0,usd_billions,nominal,global,measured,primary,0001403161-19-000030/v63019form10q.htm,2124371,2124376,"2,085",Total nominal payments volume,current,
FY2019Q2,payments_volume_nominal_us,1156.0,usd_billions,nominal,international,measured,primary,0001403161-19-000030/v63019form10q.htm,2122684,2122689,"1,156",Total nominal payments volume,comparative,prior-year column; not a first print (DR-04)
FY2019Q2,payments_volume_nominal_us,1155.0,usd_billions,nominal,international,measured,primary,0001403161-19-000030/v63019form10q.htm,2121738,2121743,"1,155",Total nominal payments volume,current,
FY2019Q2,payments_volume_nominal_us,862.0,usd_billions,nominal,us,measured,primary,0001403161-19-000030/v63019form10q.htm,2120065,2120068,862,Total nominal payments volume,comparative,prior-year column; not a first print (DR-04)
FY2019Q2,payments_volume_nominal_us,930.0,usd_billions,nominal,us,measured,primary,0001403161-19-000030/v63019form10q.htm,2119121,2119124,930,Total nominal payments volume,current,
FY2019Q2,payments_volume_prior_quarter_growth_constant,8.0,percent,constant_dollar,global,measured,primary,0001403161-19-000026/q19ex9912.htm,4783,4785,8%,on which fiscal,,
FY2019Q2,processed_transactions_count,32500.0,transactions_millions,count,global,measured,primary,0001403161-19-000014/fy19q2pressreleasefinal.htm,4190,4194,32.5,three months ended,,
FY2019Q2,processed_transactions_growth,11.0,percent,count,global,measured,primary,0001403161-19-000014/fy19q2pressreleasefinal.htm,15816,15819,11%,processed transactions,,
FY2019Q2,service_revenue,2417.0,usd_millions,gaap,global,measured,primary,0001403161-19-000014/fy19q2pressreleasefinal.htm,15005,15010,"2,417",Service revenue,,
FY2019Q2,special_items,0.0,usd_millions,gaap,global,derived,primary,0001403161-19-000014/fy19q2pressreleasefinal.htm,21140,21145,"1,853",Total operating expenses,,Net amount removed from GAAP opex
FY2019Q2,tax_rate,0.19,ratio,gaap,global,measured,primary,0001403161-19-000014/fy19q2pressreleasefinal.htm,5425,5429,19.0,effective income tax rate was,,
FY2019Q2,total_volume_nominal_us,2755.0,usd_billions,nominal,global,measured,primary,0001403161-19-000030/v63019form10q.htm,2139577,2139582,"2,755",Total nominal volume(5),comparative,prior-year column; not a first print (DR-04)
FY2019Q2,total_volume_nominal_us,2765.0,usd_billions,nominal,global,measured,primary,0001403161-19-000030/v63019form10q.htm,2138532,2138537,"2,765",Total nominal volume(5),current,
FY2019Q2,total_volume_nominal_us,1753.0,usd_billions,nominal,international,measured,primary,0001403161-19-000030/v63019form10q.htm,2136756,2136761,"1,753",Total nominal volume(5),comparative,prior-year column; not a first print (DR-04)
FY2019Q2,total_volume_nominal_us,1694.0,usd_billions,nominal,international,measured,primary,0001403161-19-000030/v63019form10q.htm,2135711,2135716,"1,694",Total nominal volume(5),current,
FY2019Q2,total_volume_nominal_us,1001.0,usd_billions,nominal,us,measured,primary,0001403161-19-000030/v63019form10q.htm,2133937,2133942,"1,001",Total nominal volume(5),comparative,prior-year column; not a first print (DR-04)
FY2019Q2,total_volume_nominal_us,1071.0,usd_billions,nominal,us,measured,primary,0001403161-19-000030/v63019form10q.htm,2132892,2132897,"1,071",Total nominal volume(5),current,
FY2019Q3,client_incentives,1546.0,usd_millions,gaap,global,measured,primary,0001403161-19-000026/q19ex9912.htm,17470,17477,"(1,546)",Client incentives,,
FY2019Q3,cross_border_total_growth_constant,7.0,percent,constant_dollar,global,measured,primary,0001403161-19-000026/q19ex9912.htm,19271,19273,7%,cross-border volume,,
FY2019Q3,data_processing_revenue,2662.0,usd_millions,gaap,global,measured,primary,0001403161-19-000026/q19ex9912.htm,17167,17172,"2,662",Data processing,,
FY2019Q3,international_transaction_revenue,1977.0,usd_millions,gaap,global,measured,primary,0001403161-19-000026/q19ex9912.htm,17269,17274,"1,977",International transaction,,
FY2019Q3,net_interest_other,42.0,usd_millions,gaap,global,measured,primary,0001403161-19-000026/q19ex9912.htm,6444,6446,42,Non-operating,,
FY2019Q3,net_revenue,5.0,usd_millions,gaap,global,measured,primary,0001403161-19-000026/q19ex9912.htm,1519,1520,5,Net revenue,,
FY2019Q3,operating_expenses_ex_special_items,1932.0,usd_millions,ex_special_items,global,derived,primary,0001403161-19-000026/q19ex9912.htm,18401,18406,"1,932",Total operating expenses,,No operating-expense adjustments in the three-month reconciliation; set equal to GAAP.
FY2019Q3,operating_expenses_gaap,1932.0,usd_millions,gaap,global,measured,primary,0001403161-19-000026/q19ex9912.htm,18401,18406,"1,932",Total operating expenses,,
FY2019Q3,operating_profit_ex_special_items,-1927.0,usd_millions,ex_special_items,global,derived,primary,0001403161-19-000026/q19ex9912.htm,18401,18406,"1,932",Total operating expenses,,
FY2019Q3,operating_profit_gaap,-1927.0,usd_millions,gaap,global,derived,primary,0001403161-19-000026/q19ex9912.htm,1519,1520,5,Net revenue,,
FY2019Q3,other_revenue,342.0,usd_millions,gaap,global,measured,primary,0001403161-19-000026/q19ex9912.htm,17371,17374,342,Other revenue,,
FY2019Q3,payments_volume_growth_constant,9.0,percent,constant_dollar,global,measured,primary,0001403161-19-000026/q19ex9912.htm,19202,19204,9%,payments volume,,
FY2019Q3,payments_volume_growth_nominal,5.0,percent,nominal,global,measured,primary,0001403161-19-000026/q19ex9912.htm,19218,19220,5%,payments volume,,
FY2019Q3,payments_volume_prior_quarter_growth_constant,9.0,percent,constant_dollar,global,measured,primary,0001403161-19-000042/q42019ex9913.htm,5651,5653,9%,on which fiscal,,
FY2019Q3,processed_transactions_count,35400.0,transactions_millions,count,global,measured,primary,0001403161-19-000026/q19ex9912.htm,5336,5340,35.4,three months ended,,
FY2019Q3,processed_transactions_growth,12.0,percent,count,global,measured,primary,0001403161-19-000026/q19ex9912.htm,19339,19342,12%,processed transactions,,
FY2019Q3,service_revenue,2405.0,usd_millions,gaap,global,measured,primary,0001403161-19-000026/q19ex9912.htm,17069,17074,"2,405",Service revenue,,
FY2019Q3,special_items,0.0,usd_millions,gaap,global,derived,primary,0001403161-19-000026/q19ex9912.htm,18401,18406,"1,932",Total operating expenses,,Net amount removed from GAAP opex
FY2019Q3,tax_rate,0.198,ratio,gaap,global,measured,primary,0001403161-19-000026/q19ex9912.htm,6593,6597,19.8,effective income tax rate was,,
FY2019Q4,cash_volume_nominal_us,723.0,usd_billions,nominal,global,measured,primary,0001403161-20-000012/v123119form10q.htm,1397722,1397725,723,Cash volume,comparative,prior-year column; not a first print (DR-04)
FY2019Q4,cash_volume_nominal_us,712.0,usd_billions,nominal,global,measured,primary,0001403161-20-000012/v123119form10q.htm,1397101,1397104,712,Cash volume,current,
FY2019Q4,cash_volume_nominal_us,578.0,usd_billions,nominal,international,measured,primary,0001403161-20-000012/v123119form10q.htm,1395841,1395844,578,Cash volume,comparative,prior-year column; not a first print (DR-04)
FY2019Q4,cash_volume_nominal_us,565.0,usd_billions,nominal,international,measured,primary,0001403161-20-000012/v123119form10q.htm,1395220,1395223,565,Cash volume,current,
FY2019Q4,cash_volume_nominal_us,145.0,usd_billions,nominal,us,measured,primary,0001403161-20-000012/v123119form10q.htm,1393962,1393965,145,Cash volume,comparative,prior-year column; not a first print (DR-04)
FY2019Q4,cash_volume_nominal_us,148.0,usd_billions,nominal,us,measured,primary,0001403161-20-000012/v123119form10q.htm,1393341,1393344,148,Cash volume,current,
FY2019Q4,client_incentives,1693.0,usd_millions,gaap,global,measured,primary,0001403161-19-000042/q42019ex9913.htm,25111,25118,"(1,693)",Client incentives,,
FY2019Q4,cross_border_total_growth_constant,7.0,percent,constant_dollar,global,measured,primary,0001403161-19-000042/q42019ex9913.htm,26897,26899,7%,cross-border volume,,
FY2019Q4,data_processing_revenue,2769.0,usd_millions,gaap,global,measured,primary,0001403161-19-000042/q42019ex9913.htm,24809,24814,"2,769",Data processing,,
FY2019Q4,international_transaction_revenue,2180.0,usd_millions,gaap,global,measured,primary,0001403161-19-000042/q42019ex9913.htm,24911,24916,"2,180",International transaction,,
FY2019Q4,net_interest_other,24.0,usd_millions,gaap,global,measured,primary,0001403161-19-000042/q42019ex9913.htm,7338,7340,24,Non-operating,,
FY2019Q4,net_revenue,6.0,usd_millions,gaap,global,measured,primary,0001403161-19-000042/q42019ex9913.htm,2120,2121,6,Net revenue,,
FY2019Q4,operating_expenses_ex_special_items,2402.0,usd_millions,ex_special_items,global,derived,primary,0001403161-19-000042/q42019ex9913.htm,26036,26041,"2,402",Total operating expenses,,No operating-expense adjustments in the three-month reconciliation; set equal to GAAP.
FY2019Q4,operating_expenses_gaap,2402.0,usd_millions,gaap,global,measured,primary,0001403161-19-000042/q42019ex9913.htm,26036,26041,"2,402",Total operating expenses,,
FY2019Q4,operating_profit_ex_special_items,-2396.0,usd_millions,ex_special_items,global,derived,primary,0001403161-19-000042/q42019ex9913.htm,26036,26041,"2,402",Total operating expenses,,
FY2019Q4,operating_profit_gaap,-2396.0,usd_millions,gaap,global,derived,primary,0001403161-19-000042/q42019ex9913.htm,2120,2121,6,Net revenue,,
FY2019Q4,other_revenue,345.0,usd_millions,gaap,global,measured,primary,0001403161-19-000042/q42019ex9913.htm,25013,25016,345,Other revenue,,
FY2019Q4,payments_volume_growth_constant,9.0,percent,constant_dollar,global,measured,primary,0001403161-19-000042/q42019ex9913.htm,26829,26831,9%,payments volume,,
FY2019Q4,payments_volume_growth_nominal,7.0,percent,nominal,global,measured,primary,0001403161-19-000042/q42019ex9913.htm,26845,26847,7%,payments volume,,
FY2019Q4,payments_volume_nominal_us,2112.0,usd_billions,nominal,global,measured,primary,0001403161-20-000012/v123119form10q.htm,1391939,1391944,"2,112",Total nominal payments volume(2),comparative,prior-year column; not a first print (DR-04)
FY2019Q4,payments_volume_nominal_us,2270.0,usd_billions,nominal,global,measured,primary,0001403161-20-000012/v123119form10q.htm,1390993,1390998,"2,270",Total nominal payments volume(2),current,
FY2019Q4,payments_volume_nominal_us,1167.0,usd_billions,nominal,international,measured,primary,0001403161-20-000012/v123119form10q.htm,1389312,1389317,"1,167",Total nominal payments volume(2),comparative,prior-year column; not a first print (DR-04)
FY2019Q4,payments_volume_nominal_us,1247.0,usd_billions,nominal,international,measured,primary,0001403161-20-000012/v123119form10q.htm,1388366,1388371,"1,247",Total nominal payments volume(2),current,
FY2019Q4,payments_volume_nominal_us,945.0,usd_billions,nominal,us,measured,primary,0001403161-20-000012/v123119form10q.htm,1386693,1386696,945,Total nominal payments volume(2),comparative,prior-year column; not a first print (DR-04)
FY2019Q4,payments_volume_nominal_us,1023.0,usd_billions,nominal,us,measured,primary,0001403161-20-000012/v123119form10q.htm,1385747,1385752,"1,023",Total nominal payments volume(2),current,
FY2019Q4,payments_volume_prior_quarter_growth_constant,9.0,percent,constant_dollar,global,measured,primary,0001403161-20-000010/q12020ex9913.htm,4421,4423,9%,on which fiscal,,
FY2019Q4,processed_transactions_count,36400.0,transactions_millions,count,global,measured,primary,0001403161-19-000042/q42019ex9913.htm,6223,6227,36.4,three months ended,,
FY2019Q4,processed_transactions_growth,11.0,percent,count,global,measured,primary,0001403161-19-000042/q42019ex9913.htm,26965,26968,11%,processed transactions,,
FY2019Q4,service_revenue,2536.0,usd_millions,gaap,global,measured,primary,0001403161-19-000042/q42019ex9913.htm,24709,24714,"2,536",Service revenue,,
FY2019Q4,special_items,0.0,usd_millions,gaap,global,derived,primary,0001403161-19-000042/q42019ex9913.htm,26036,26041,"2,402",Total operating expenses,,Net amount removed from GAAP opex
FY2019Q4,tax_rate,0.185,ratio,gaap,global,measured,primary,0001403161-19-000042/q42019ex9913.htm,7512,7516,18.5,effective income tax rate was,,
FY2019Q4,total_volume_nominal_us,2834.0,usd_billions,nominal,global,measured,primary,0001403161-20-000012/v123119form10q.htm,1406206,1406211,"2,834","Total nominal volume(2),(5)",comparative,prior-year column; not a first print (DR-04)
FY2019Q4,total_volume_nominal_us,2982.0,usd_billions,nominal,global,measured,primary,0001403161-20-000012/v123119form10q.htm,1405161,1405166,"2,982","Total nominal volume(2),(5)",current,
FY2019Q4,total_volume_nominal_us,1745.0,usd_billions,nominal,international,measured,primary,0001403161-20-000012/v123119form10q.htm,1403381,1403386,"1,745","Total nominal volume(2),(5)",comparative,prior-year column; not a first print (DR-04)
FY2019Q4,total_volume_nominal_us,1812.0,usd_billions,nominal,international,measured,primary,0001403161-20-000012/v123119form10q.htm,1402336,1402341,"1,812","Total nominal volume(2),(5)",current,
FY2019Q4,total_volume_nominal_us,1090.0,usd_billions,nominal,us,measured,primary,0001403161-20-000012/v123119form10q.htm,1400562,1400567,"1,090","Total nominal volume(2),(5)",comparative,prior-year column; not a first print (DR-04)
FY2019Q4,total_volume_nominal_us,1170.0,usd_billions,nominal,us,measured,primary,0001403161-20-000012/v123119form10q.htm,1399517,1399522,"1,170","Total nominal volume(2),(5)",current,
FY2020Q1,cash_volume_nominal_us,729.0,usd_billions,nominal,global,measured,primary,0001403161-20-000028/v033120form10q.htm,1981731,1981734,729,Cash volume,comparative,prior-year column; not a first print (DR-04)
FY2020Q1,cash_volume_nominal_us,719.0,usd_billions,nominal,global,measured,primary,0001403161-20-000028/v033120form10q.htm,1981110,1981113,719,Cash volume,current,
FY2020Q1,cash_volume_nominal_us,587.0,usd_billions,nominal,international,measured,primary,0001403161-20-000028/v033120form10q.htm,1979850,1979853,587,Cash volume,comparative,prior-year column; not a first print (DR-04)
FY2020Q1,cash_volume_nominal_us,575.0,usd_billions,nominal,international,measured,primary,0001403161-20-000028/v033120form10q.htm,1979229,1979232,575,Cash volume,current,
FY2020Q1,cash_volume_nominal_us,142.0,usd_billions,nominal,us,measured,primary,0001403161-20-000028/v033120form10q.htm,1977971,1977974,142,Cash volume,comparative,prior-year column; not a first print (DR-04)
FY2020Q1,cash_volume_nominal_us,145.0,usd_billions,nominal,us,measured,primary,0001403161-20-000028/v033120form10q.htm,1977350,1977353,145,Cash volume,current,
FY2020Q1,client_incentives,1748.0,usd_millions,gaap,global,measured,primary,0001403161-20-000010/q12020ex9913.htm,19123,19130,"(1,748)",Client incentives,,
FY2020Q1,cross_border_total_growth_constant,9.0,percent,constant_dollar,global,measured,primary,0001403161-20-000010/q12020ex9913.htm,20890,20892,9%,cross-border volume,,
FY2020Q1,data_processing_revenue,2864.0,usd_millions,gaap,global,measured,primary,0001403161-20-000010/q12020ex9913.htm,18822,18827,"2,864",Data processing,,
FY2020Q1,international_transaction_revenue,2018.0,usd_millions,gaap,global,measured,primary,0001403161-20-000010/q12020ex9913.htm,18924,18929,"2,018",International transaction,,
FY2020Q1,net_interest_other,42.0,usd_millions,gaap,global,measured,primary,0001403161-20-000010/q12020ex9913.htm,5997,5999,42,Non-operating,,
FY2020Q1,net_revenue,6.0,usd_millions,gaap,global,measured,primary,0001403161-20-000010/q12020ex9913.htm,1735,1736,6,Net revenue,,
FY2020Q1,operating_expenses_ex_special_items,2038.0,usd_millions,ex_special_items,global,derived,primary,0001403161-20-000010/q12020ex9913.htm,20049,20054,"2,038",Total operating expenses,,No operating-expense adjustments in the three-month reconciliation; set equal to GAAP.
FY2020Q1,operating_expenses_gaap,2038.0,usd_millions,gaap,global,measured,primary,0001403161-20-000010/q12020ex9913.htm,20049,20054,"2,038",Total operating expenses,,
FY2020Q1,operating_profit_ex_special_items,-2032.0,usd_millions,ex_special_items,global,derived,primary,0001403161-20-000010/q12020ex9913.htm,20049,20054,"2,038",Total operating expenses,,
FY2020Q1,operating_profit_gaap,-2032.0,usd_millions,gaap,global,derived,primary,0001403161-20-000010/q12020ex9913.htm,1735,1736,6,Net revenue,,
FY2020Q1,other_revenue,365.0,usd_millions,gaap,global,measured,primary,0001403161-20-000010/q12020ex9913.htm,19025,19028,365,Other revenue,,
FY2020Q1,payments_volume_growth_constant,8.0,percent,constant_dollar,global,measured,primary,0001403161-20-000010/q12020ex9913.htm,20822,20824,8%,payments volume,,
FY2020Q1,payments_volume_growth_nominal,8.0,percent,nominal,global,measured,primary,0001403161-20-000010/q12020ex9913.htm,20822,20824,8%,payments volume,,
FY2020Q1,payments_volume_nominal_us,2194.0,usd_billions,nominal,global,measured,primary,0001403161-20-000028/v033120form10q.htm,1975948,1975953,"2,194",Total nominal payments volume(2),comparative,prior-year column; not a first print (DR-04)
FY2020Q1,payments_volume_nominal_us,2361.0,usd_billions,nominal,global,measured,primary,0001403161-20-000028/v033120form10q.htm,1975002,1975007,"2,361",Total nominal payments volume(2),current,
FY2020Q1,payments_volume_nominal_us,1215.0,usd_billions,nominal,international,measured,primary,0001403161-20-000028/v033120form10q.htm,1973321,1973326,"1,215",Total nominal payments volume(2),comparative,prior-year column; not a first print (DR-04)
FY2020Q1,payments_volume_nominal_us,1304.0,usd_billions,nominal,international,measured,primary,0001403161-20-000028/v033120form10q.htm,1972375,1972380,"1,304",Total nominal payments volume(2),current,
FY2020Q1,payments_volume_nominal_us,980.0,usd_billions,nominal,us,measured,primary,0001403161-20-000028/v033120form10q.htm,1970702,1970705,980,Total nominal payments volume(2),comparative,prior-year column; not a first print (DR-04)
FY2020Q1,payments_volume_nominal_us,1057.0,usd_billions,nominal,us,measured,primary,0001403161-20-000028/v033120form10q.htm,1969756,1969761,"1,057",Total nominal payments volume(2),current,
FY2020Q1,payments_volume_prior_quarter_growth_constant,8.0,percent,constant_dollar,global,measured,primary,0001403161-20-000024/q22020ex991.htm,5298,5300,8%,on which fiscal,,
FY2020Q1,processed_transactions_count,37800.0,transactions_millions,count,global,measured,primary,0001403161-20-000010/q12020ex9913.htm,4986,4990,37.8,three months ended,,
FY2020Q1,processed_transactions_growth,11.0,percent,count,global,measured,primary,0001403161-20-000010/q12020ex9913.htm,20958,20961,11%,processed transactions,,
FY2020Q1,service_revenue,2555.0,usd_millions,gaap,global,measured,primary,0001403161-20-000010/q12020ex9913.htm,18722,18727,"2,555",Service revenue,,
FY2020Q1,special_items,0.0,usd_millions,gaap,global,derived,primary,0001403161-20-000010/q12020ex9913.htm,20049,20054,"2,038",Total operating expenses,,Net amount removed from GAAP opex
FY2020Q1,tax_rate,0.177,ratio,gaap,global,measured,primary,0001403161-20-000010/q12020ex9913.htm,6178,6182,17.7,effective income tax rate was,,
FY2020Q1,total_volume_nominal_us,2923.0,usd_billions,nominal,global,measured,primary,0001403161-20-000028/v033120form10q.htm,1990215,1990220,"2,923","Total nominal volume(2),(5)",comparative,prior-year column; not a first print (DR-04)
FY2020Q1,total_volume_nominal_us,3080.0,usd_billions,nominal,global,measured,primary,0001403161-20-000028/v033120form10q.htm,1989170,1989175,"3,080","Total nominal volume(2),(5)",current,
FY2020Q1,total_volume_nominal_us,1802.0,usd_billions,nominal,international,measured,primary,0001403161-20-000028/v033120form10q.htm,1987390,1987395,"1,802","Total nominal volume(2),(5)",comparative,prior-year column; not a first print (DR-04)
FY2020Q1,total_volume_nominal_us,1879.0,usd_billions,nominal,international,measured,primary,0001403161-20-000028/v033120form10q.htm,1986345,1986350,"1,879","Total nominal volume(2),(5)",current,
FY2020Q1,total_volume_nominal_us,1121.0,usd_billions,nominal,us,measured,primary,0001403161-20-000028/v033120form10q.htm,1984571,1984576,"1,121","Total nominal volume(2),(5)",comparative,prior-year column; not a first print (DR-04)
FY2020Q1,total_volume_nominal_us,1201.0,usd_billions,nominal,us,measured,primary,0001403161-20-000028/v033120form10q.htm,1983526,1983531,"1,201","Total nominal volume(2),(5)",current,
FY2020Q2,cash_volume_nominal_us,678.0,usd_billions,nominal,global,measured,primary,0001403161-20-000048/v-20200630.htm,2436478,2436481,678,Cash volume,comparative,prior-year column; not a first print (DR-04)
FY2020Q2,cash_volume_nominal_us,643.0,usd_billions,nominal,global,measured,primary,0001403161-20-000048/v-20200630.htm,2435765,2435768,643,Cash volume,current,
FY2020Q2,cash_volume_nominal_us,537.0,usd_billions,nominal,international,measured,primary,0001403161-20-000048/v-20200630.htm,2434350,2434353,537,Cash volume,comparative,prior-year column; not a first print (DR-04)
FY2020Q2,cash_volume_nominal_us,504.0,usd_billions,nominal,international,measured,primary,0001403161-20-000048/v-20200630.htm,2433637,2433640,504,Cash volume,current,
FY2020Q2,cash_volume_nominal_us,141.0,usd_billions,nominal,us,measured,primary,0001403161-20-000048/v-20200630.htm,2432222,2432225,141,Cash volume,comparative,prior-year column; not a first print (DR-04)
FY2020Q2,cash_volume_nominal_us,139.0,usd_billions,nominal,us,measured,primary,0001403161-20-000048/v-20200630.htm,2431509,2431512,139,Cash volume,current,
FY2020Q2,client_incentives,1705.0,usd_millions,gaap,global,measured,primary,0001403161-20-000024/q22020ex991.htm,17168,17175,"(1,705)",Client incentives,,
FY2020Q2,data_processing_revenue,2711.0,usd_millions,gaap,global,measured,primary,0001403161-20-000024/q22020ex991.htm,16868,16873,"2,711",Data processing,,
FY2020Q2,international_transaction_revenue,1833.0,usd_millions,gaap,global,measured,primary,0001403161-20-000024/q22020ex991.htm,16969,16974,"1,833",International transaction,,
FY2020Q2,net_interest_other,95.0,usd_millions,gaap,global,measured,primary,0001403161-20-000024/q22020ex991.htm,6900,6902,95,Non-operating,,
FY2020Q2,net_revenue,5.0,usd_millions,gaap,global,measured,primary,0001403161-20-000024/q22020ex991.htm,2145,2146,5,Net revenue,,
FY2020Q2,operating_expenses_ex_special_items,1930.0,usd_millions,ex_special_items,global,derived,primary,0001403161-20-000024/q22020ex991.htm,18093,18098,"1,930",Total operating expenses,,No operating-expense adjustments in the three-month reconciliation; set equal to GAAP.
FY2020Q2,operating_expenses_gaap,1930.0,usd_millions,gaap,global,measured,primary,0001403161-20-000024/q22020ex991.htm,18093,18098,"1,930",Total operating expenses,,
FY2020Q2,operating_profit_ex_special_items,-1925.0,usd_millions,ex_special_items,global,derived,primary,0001403161-20-000024/q22020ex991.htm,18093,18098,"1,930",Total operating expenses,,
FY2020Q2,operating_profit_gaap,-1925.0,usd_millions,gaap,global,derived,primary,0001403161-20-000024/q22020ex991.htm,2145,2146,5,Net revenue,,
FY2020Q2,other_revenue,392.0,usd_millions,gaap,global,measured,primary,0001403161-20-000024/q22020ex991.htm,17070,17073,392,Other revenue,,
FY2020Q2,payments_volume_growth_constant,5.0,percent,constant_dollar,global,measured,primary,0001403161-20-000024/q22020ex991.htm,18863,18865,5%,payments volume,,
FY2020Q2,payments_volume_growth_nominal,3.0,percent,nominal,global,measured,primary,0001403161-20-000024/q22020ex991.htm,18879,18881,3%,payments volume,,
FY2020Q2,payments_volume_nominal_us,2130.0,usd_billions,nominal,global,measured,primary,0001403161-20-000048/v-20200630.htm,2429103,2429108,"2,130",Total nominal payments volume(2),comparative,prior-year column; not a first print (DR-04)
FY2020Q2,payments_volume_nominal_us,-1.0,usd_billions,nominal,global,measured,primary,0001403161-20-000048/v-20200630.htm,2428102,2428105,(1),Total nominal payments volume(2),current,
FY2020Q2,payments_volume_nominal_us,1153.0,usd_billions,nominal,international,measured,primary,0001403161-20-000048/v-20200630.htm,2427358,2427363,"1,153",Total nominal payments volume(2),comparative,prior-year column; not a first print (DR-04)
FY2020Q2,payments_volume_nominal_us,1147.0,usd_billions,nominal,international,measured,primary,0001403161-20-000048/v-20200630.htm,2426315,2426320,"1,147",Total nominal payments volume(2),current,
FY2020Q2,payments_volume_nominal_us,930.0,usd_billions,nominal,us,measured,primary,0001403161-20-000048/v-20200630.htm,2424568,2424571,930,Total nominal payments volume(2),comparative,prior-year column; not a first print (DR-04)
FY2020Q2,payments_volume_nominal_us,983.0,usd_billions,nominal,us,measured,primary,0001403161-20-000048/v-20200630.htm,2423527,2423530,983,Total nominal payments volume(2),current,
FY2020Q2,payments_volume_prior_quarter_growth_constant,4.0,percent,constant_dollar,global,measured,primary,0001403161-20-000043/q32020ex991.htm,5660,5662,4%,on which fiscal,,
FY2020Q2,processed_transactions_count,34900.0,transactions_millions,count,global,measured,primary,0001403161-20-000024/q22020ex991.htm,5888,5892,34.9,three months ended,,
FY2020Q2,processed_transactions_growth,7.0,percent,count,global,measured,primary,0001403161-20-000024/q22020ex991.htm,19000,19002,7%,processed transactions,,
FY2020Q2,service_revenue,2623.0,usd_millions,gaap,global,measured,primary,0001403161-20-000024/q22020ex991.htm,16773,16778,"2,623",Service revenue,,
FY2020Q2,special_items,0.0,usd_millions,gaap,global,derived,primary,0001403161-20-000024/q22020ex991.htm,18093,18098,"1,930",Total operating expenses,,Net amount removed from GAAP opex
FY2020Q2,tax_rate,0.194,ratio,gaap,global,measured,primary,0001403161-20-000024/q22020ex991.htm,7069,7073,19.4,effective income tax rate was,,
FY2020Q2,total_volume_nominal_us,2773.0,usd_billions,nominal,global,measured,primary,0001403161-20-000048/v-20200630.htm,2444179,2444184,"2,773","Total nominal volume(2),(5)",comparative,prior-year column; not a first print (DR-04)
FY2020Q2,total_volume_nominal_us,-2.0,usd_billions,nominal,global,measured,primary,0001403161-20-000048/v-20200630.htm,2443178,2443181,(2),"Total nominal volume(2),(5)",current,
FY2020Q2,total_volume_nominal_us,1690.0,usd_billions,nominal,international,measured,primary,0001403161-20-000048/v-20200630.htm,2442434,2442439,"1,690","Total nominal volume(2),(5)",comparative,prior-year column; not a first print (DR-04)
FY2020Q2,total_volume_nominal_us,1651.0,usd_billions,nominal,international,measured,primary,0001403161-20-000048/v-20200630.htm,2441391,2441396,"1,651","Total nominal volume(2),(5)",current,
FY2020Q2,total_volume_nominal_us,1071.0,usd_billions,nominal,us,measured,primary,0001403161-20-000048/v-20200630.htm,2439642,2439647,"1,071","Total nominal volume(2),(5)",comparative,prior-year column; not a first print (DR-04)
FY2020Q2,total_volume_nominal_us,1123.0,usd_billions,nominal,us,measured,primary,0001403161-20-000048/v-20200630.htm,2438599,2438604,"1,123","Total nominal volume(2),(5)",current,
FY2020Q3,client_incentives,1513.0,usd_millions,gaap,global,measured,primary,0001403161-20-000043/q32020ex991.htm,17487,17494,"(1,513)",Client incentives,,
FY2020Q3,data_processing_revenue,2525.0,usd_millions,gaap,global,measured,primary,0001403161-20-000043/q32020ex991.htm,17184,17189,"2,525",Data processing,,
FY2020Q3,net_interest_other,67.0,usd_millions,gaap,global,measured,primary,0001403161-20-000043/q32020ex991.htm,7391,7393,67,Non-operating,,
FY2020Q3,net_revenue,4.0,usd_millions,gaap,global,measured,primary,0001403161-20-000043/q32020ex991.htm,2366,2367,4,Net revenue,,
FY2020Q3,operating_expenses_ex_special_items,1838.0,usd_millions,ex_special_items,global,derived,primary,0001403161-20-000043/q32020ex991.htm,18419,18424,"1,838",Total operating expenses,,No operating-expense adjustments in the three-month reconciliation; set equal to GAAP.
FY2020Q3,operating_expenses_gaap,1838.0,usd_millions,gaap,global,measured,primary,0001403161-20-000043/q32020ex991.htm,18419,18424,"1,838",Total operating expenses,,
FY2020Q3,operating_profit_ex_special_items,-1834.0,usd_millions,ex_special_items,global,derived,primary,0001403161-20-000043/q32020ex991.htm,18419,18424,"1,838",Total operating expenses,,
FY2020Q3,operating_profit_gaap,-1834.0,usd_millions,gaap,global,derived,primary,0001403161-20-000043/q32020ex991.htm,2366,2367,4,Net revenue,,
FY2020Q3,other_revenue,314.0,usd_millions,gaap,global,measured,primary,0001403161-20-000043/q32020ex991.htm,17388,17391,314,Other revenue,,
FY2020Q3,payments_volume_prior_quarter_growth_constant,10.0,percent,constant_dollar,global,measured,primary,0001403161-20-000061/q42020ex991.htm,7392,7395,10%,on which fiscal,,
FY2020Q3,processed_transactions_count,30700.0,transactions_millions,count,global,measured,primary,0001403161-20-000043/q32020ex991.htm,6271,6275,30.7,three months ended,,
FY2020Q3,service_revenue,2409.0,usd_millions,gaap,global,measured,primary,0001403161-20-000043/q32020ex991.htm,17083,17088,"2,409",Service revenue,,
FY2020Q3,special_items,0.0,usd_millions,gaap,global,derived,primary,0001403161-20-000043/q32020ex991.htm,18419,18424,"1,838",Total operating expenses,,Net amount removed from GAAP opex
FY2020Q3,tax_rate,0.191,ratio,gaap,global,measured,primary,0001403161-20-000043/q32020ex991.htm,7553,7557,19.1,effective income tax rate was,,
FY2020Q4,cash_volume_nominal_us,646.0,usd_billions,nominal,global,measured,primary,0001403161-21-000012/v-20201231.htm,1467437,1467440,646,Cash volume,comparative,prior-year column; not a first print (DR-04)
FY2020Q4,cash_volume_nominal_us,-15.0,usd_billions,nominal,global,measured,primary,0001403161-21-000012/v-20201231.htm,1466918,1466922,(15),Cash volume,current,
FY2020Q4,cash_volume_nominal_us,566.0,usd_billions,nominal,international,measured,primary,0001403161-21-000012/v-20201231.htm,1466509,1466512,566,Cash volume,comparative,prior-year column; not a first print (DR-04)
FY2020Q4,cash_volume_nominal_us,481.0,usd_billions,nominal,international,measured,primary,0001403161-21-000012/v-20201231.htm,1465986,1465989,481,Cash volume,current,
FY2020Q4,cash_volume_nominal_us,148.0,usd_billions,nominal,us,measured,primary,0001403161-21-000012/v-20201231.htm,1465054,1465057,148,Cash volume,comparative,prior-year column; not a first print (DR-04)
FY2020Q4,cash_volume_nominal_us,165.0,usd_billions,nominal,us,measured,primary,0001403161-21-000012/v-20201231.htm,1464531,1464534,165,Cash volume,current,
FY2020Q4,client_incentives,1698.0,usd_millions,gaap,global,measured,primary,0001403161-20-000061/q42020ex991.htm,24850,24857,"(1,698)",Client incentives,,
FY2020Q4,data_processing_revenue,2875.0,usd_millions,gaap,global,measured,primary,0001403161-20-000061/q42020ex991.htm,24547,24552,"2,875",Data processing,,
FY2020Q4,net_interest_other,87.0,usd_millions,gaap,global,measured,primary,0001403161-20-000061/q42020ex991.htm,9173,9175,87,Non-operating,,
FY2020Q4,net_revenue,5.0,usd_millions,gaap,global,measured,primary,0001403161-20-000061/q42020ex991.htm,2251,2252,5,Net revenue,,
FY2020Q4,operating_expenses_ex_special_items,1959.0,usd_millions,ex_special_items,global,derived,primary,0001403161-20-000061/q42020ex991.htm,25781,25786,"1,959",Total operating expenses,,No operating-expense adjustments in the three-month reconciliation; set equal to GAAP.
FY2020Q4,operating_expenses_gaap,1959.0,usd_millions,gaap,global,measured,primary,0001403161-20-000061/q42020ex991.htm,25781,25786,"1,959",Total operating expenses,,
FY2020Q4,operating_profit_ex_special_items,-1954.0,usd_millions,ex_special_items,global,derived,primary,0001403161-20-000061/q42020ex991.htm,25781,25786,"1,959",Total operating expenses,,
FY2020Q4,operating_profit_gaap,-1954.0,usd_millions,gaap,global,derived,primary,0001403161-20-000061/q42020ex991.htm,2251,2252,5,Net revenue,,
FY2020Q4,other_revenue,361.0,usd_millions,gaap,global,measured,primary,0001403161-20-000061/q42020ex991.htm,24751,24754,361,Other revenue,,
FY2020Q4,payments_volume_growth_constant,4.0,percent,constant_dollar,global,measured,primary,0001403161-20-000061/q42020ex991.htm,4143,4145,4%,payments volume,,
FY2020Q4,payments_volume_growth_nominal,2.0,percent,nominal,global,measured,primary,0001403161-20-000061/q42020ex991.htm,4161,4163,2%,payments volume,,
FY2020Q4,payments_volume_nominal_us,2269.0,usd_billions,nominal,global,measured,primary,0001403161-21-000012/v-20201231.htm,1463399,1463404,"2,269",Total nominal payments volume(2),comparative,prior-year column; not a first print (DR-04)
FY2020Q4,payments_volume_nominal_us,2349.0,usd_billions,nominal,global,measured,primary,0001403161-21-000012/v-20201231.htm,1462590,1462595,"2,349",Total nominal payments volume(2),current,
FY2020Q4,payments_volume_nominal_us,1248.0,usd_billions,nominal,international,measured,primary,0001403161-21-000012/v-20201231.htm,1461367,1461372,"1,248",Total nominal payments volume(2),comparative,prior-year column; not a first print (DR-04)
FY2020Q4,payments_volume_nominal_us,1252.0,usd_billions,nominal,international,measured,primary,0001403161-21-000012/v-20201231.htm,1460558,1460563,"1,252",Total nominal payments volume(2),current,
FY2020Q4,payments_volume_nominal_us,1021.0,usd_billions,nominal,us,measured,primary,0001403161-21-000012/v-20201231.htm,1459341,1459346,"1,021",Total nominal payments volume(2),comparative,prior-year column; not a first print (DR-04)
FY2020Q4,payments_volume_nominal_us,1097.0,usd_billions,nominal,us,measured,primary,0001403161-21-000012/v-20201231.htm,1458535,1458540,"1,097",Total nominal payments volume(2),current,
FY2020Q4,payments_volume_prior_quarter_growth_constant,4.0,percent,constant_dollar,global,measured,primary,0001403161-21-000009/q12021ex991.htm,4438,4440,4%,on which fiscal,,
FY2020Q4,processed_transactions_count,37400.0,transactions_millions,count,global,measured,primary,0001403161-20-000061/q42020ex991.htm,7986,7990,37.4,three months ended,,
FY2020Q4,processed_transactions_growth,3.0,percent,count,global,measured,primary,0001403161-20-000061/q42020ex991.htm,4919,4921,3%,processed transactions,,
FY2020Q4,service_revenue,2217.0,usd_millions,gaap,global,measured,primary,0001403161-20-000061/q42020ex991.htm,24429,24434,"2,217",Service revenue,,
FY2020Q4,special_items,0.0,usd_millions,gaap,global,derived,primary,0001403161-20-000061/q42020ex991.htm,25781,25786,"1,959",Total operating expenses,,Net amount removed from GAAP opex
FY2020Q4,tax_rate,0.3,ratio,gaap,global,measured,primary,0001403161-20-000061/q42020ex991.htm,9418,9422,30.0,effective income tax rate was,,
FY2020Q4,total_volume_nominal_us,2995.0,usd_billions,nominal,global,measured,primary,0001403161-21-000012/v-20201231.htm,1473979,1473984,"2,995","Total nominal volume(2),(5)",comparative,prior-year column; not a first print (DR-04)
FY2020Q4,total_volume_nominal_us,-5.0,usd_billions,nominal,global,measured,primary,0001403161-21-000012/v-20201231.htm,1473146,1473149,(5),"Total nominal volume(2),(5)",current,
FY2020Q4,total_volume_nominal_us,1814.0,usd_billions,nominal,international,measured,primary,0001403161-21-000012/v-20201231.htm,1472676,1472681,"1,814","Total nominal volume(2),(5)",comparative,prior-year column; not a first print (DR-04)
FY2020Q4,total_volume_nominal_us,1733.0,usd_billions,nominal,international,measured,primary,0001403161-21-000012/v-20201231.htm,1471777,1471782,"1,733","Total nominal volume(2),(5)",current,
FY2020Q4,total_volume_nominal_us,1168.0,usd_billions,nominal,us,measured,primary,0001403161-21-000012/v-20201231.htm,1470470,1470475,"1,168","Total nominal volume(2),(5)",comparative,prior-year column; not a first print (DR-04)
FY2020Q4,total_volume_nominal_us,1262.0,usd_billions,nominal,us,measured,primary,0001403161-21-000012/v-20201231.htm,1469571,1469576,"1,262","Total nominal volume(2),(5)",current,
FY2021Q1,cash_volume_nominal_us,719.0,usd_billions,nominal,global,measured,primary,0001403161-21-000029/v-20210331.htm,1884082,1884085,719,Cash volume,comparative,prior-year column; not a first print (DR-04)
FY2021Q1,cash_volume_nominal_us,642.0,usd_billions,nominal,global,measured,primary,0001403161-21-000029/v-20210331.htm,1883559,1883562,642,Cash volume,current,
FY2021Q1,cash_volume_nominal_us,575.0,usd_billions,nominal,international,measured,primary,0001403161-21-000029/v-20210331.htm,1882631,1882634,575,Cash volume,comparative,prior-year column; not a first print (DR-04)
FY2021Q1,cash_volume_nominal_us,500.0,usd_billions,nominal,international,measured,primary,0001403161-21-000029/v-20210331.htm,1882108,1882111,500,Cash volume,current,
FY2021Q1,cash_volume_nominal_us,144.0,usd_billions,nominal,us,measured,primary,0001403161-21-000029/v-20210331.htm,1881181,1881184,144,Cash volume,comparative,prior-year column; not a first print (DR-04)
FY2021Q1,cash_volume_nominal_us,143.0,usd_billions,nominal,us,measured,primary,0001403161-21-000029/v-20210331.htm,1880658,1880661,143,Cash volume,current,
FY2021Q1,client_incentives,1858.0,usd_millions,gaap,global,measured,primary,0001403161-21-000009/q12021ex991.htm,14551,14558,"(1,858)",Client incentives,,
FY2021Q1,data_processing_revenue,3033.0,usd_millions,gaap,global,measured,primary,0001403161-21-000009/q12021ex991.htm,14427,14432,"3,033",Data processing,,
FY2021Q1,net_interest_other,96.0,usd_millions,gaap,global,measured,primary,0001403161-21-000009/q12021ex991.htm,6101,6103,96,Non-operating,,
FY2021Q1,net_revenue,5.0,usd_millions,gaap,global,measured,primary,0001403161-21-000009/q12021ex991.htm,617,618,5,Net revenue,,
FY2021Q1,operating_expenses_ex_special_items,1843.0,usd_millions,ex_special_items,global,derived,primary,0001403161-21-000009/q12021ex991.htm,19659,19664,"1,843",Total operating expenses,,No operating-expense adjustments in the three-month reconciliation; set equal to GAAP.
FY2021Q1,operating_expenses_gaap,1843.0,usd_millions,gaap,global,measured,primary,0001403161-21-000009/q12021ex991.htm,19659,19664,"1,843",Total operating expenses,,
FY2021Q1,operating_profit_ex_special_items,-1838.0,usd_millions,ex_special_items,global,derived,primary,0001403161-21-000009/q12021ex991.htm,19659,19664,"1,843",Total operating expenses,,
FY2021Q1,operating_profit_gaap,-1838.0,usd_millions,gaap,global,derived,primary,0001403161-21-000009/q12021ex991.htm,617,618,5,Net revenue,,
FY2021Q1,other_revenue,384.0,usd_millions,gaap,global,measured,primary,0001403161-21-000009/q12021ex991.htm,14519,14522,384,Other revenue,,
FY2021Q1,payments_volume_growth_constant,5.0,percent,constant_dollar,global,measured,primary,0001403161-21-000009/q12021ex991.htm,15232,15234,5%,payments volume,,
FY2021Q1,payments_volume_growth_nominal,5.0,percent,nominal,global,measured,primary,0001403161-21-000009/q12021ex991.htm,15232,15234,5%,payments volume,,
FY2021Q1,payments_volume_nominal_us,2360.0,usd_billions,nominal,global,measured,primary,0001403161-21-000029/v-20210331.htm,1879526,1879531,"2,360",Total nominal payments volume(2),comparative,prior-year column; not a first print (DR-04)
FY2021Q1,payments_volume_nominal_us,2475.0,usd_billions,nominal,global,measured,primary,0001403161-21-000029/v-20210331.htm,1878720,1878725,"2,475",Total nominal payments volume(2),current,
FY2021Q1,payments_volume_nominal_us,1305.0,usd_billions,nominal,international,measured,primary,0001403161-21-000029/v-20210331.htm,1877509,1877514,"1,305",Total nominal payments volume(2),comparative,prior-year column; not a first print (DR-04)
FY2021Q1,payments_volume_nominal_us,1335.0,usd_billions,nominal,international,measured,primary,0001403161-21-000029/v-20210331.htm,1876703,1876708,"1,335",Total nominal payments volume(2),current,
FY2021Q1,payments_volume_nominal_us,1055.0,usd_billions,nominal,us,measured,primary,0001403161-21-000029/v-20210331.htm,1875492,1875497,"1,055",Total nominal payments volume(2),comparative,prior-year column; not a first print (DR-04)
FY2021Q1,payments_volume_nominal_us,1140.0,usd_billions,nominal,us,measured,primary,0001403161-21-000029/v-20210331.htm,1874686,1874691,"1,140",Total nominal payments volume(2),current,
FY2021Q1,payments_volume_prior_quarter_growth_constant,5.0,percent,constant_dollar,global,measured,primary,0001403161-21-000023/q22021ex991.htm,5205,5207,5%,on which fiscal,,
FY2021Q1,processed_transactions_count,39200.0,transactions_millions,count,global,measured,primary,0001403161-21-000009/q12021ex991.htm,5028,5032,39.2,three months ended,,
FY2021Q1,processed_transactions_growth,4.0,percent,count,global,measured,primary,0001403161-21-000009/q12021ex991.htm,15357,15359,4%,processed transactions,,
FY2021Q1,service_revenue,2677.0,usd_millions,gaap,global,measured,primary,0001403161-21-000009/q12021ex991.htm,14354,14359,"2,677",Service revenue,,
FY2021Q1,special_items,0.0,usd_millions,gaap,global,derived,primary,0001403161-21-000009/q12021ex991.htm,19659,19664,"1,843",Total operating expenses,,Net amount removed from GAAP opex
FY2021Q1,tax_rate,0.166,ratio,gaap,global,measured,primary,0001403161-21-000009/q12021ex991.htm,6346,6350,16.6,effective income tax rate was,,
FY2021Q1,total_volume_nominal_us,3117.0,usd_billions,nominal,global,measured,primary,0001403161-21-000029/v-20210331.htm,1889639,1889644,"3,117","Total nominal volume(2),(5)",comparative,prior-year column; not a first print (DR-04)
FY2021Q1,total_volume_nominal_us,-2.0,usd_billions,nominal,global,measured,primary,0001403161-21-000029/v-20210331.htm,1888872,1888875,(2),"Total nominal volume(2),(5)",current,
FY2021Q1,total_volume_nominal_us,1880.0,usd_billions,nominal,international,measured,primary,0001403161-21-000029/v-20210331.htm,1888435,1888440,"1,880","Total nominal volume(2),(5)",comparative,prior-year column; not a first print (DR-04)
FY2021Q1,total_volume_nominal_us,1835.0,usd_billions,nominal,international,measured,primary,0001403161-21-000029/v-20210331.htm,1887635,1887640,"1,835","Total nominal volume(2),(5)",current,
FY2021Q1,total_volume_nominal_us,1199.0,usd_billions,nominal,us,measured,primary,0001403161-21-000029/v-20210331.htm,1886427,1886432,"1,199","Total nominal volume(2),(5)",comparative,prior-year column; not a first print (DR-04)
FY2021Q1,total_volume_nominal_us,1283.0,usd_billions,nominal,us,measured,primary,0001403161-21-000029/v-20210331.htm,1885627,1885632,"1,283","Total nominal volume(2),(5)",current,
FY2021Q2,cash_volume_nominal_us,621.0,usd_billions,nominal,global,measured,primary,0001403161-21-000042/v-20210630.htm,1961335,1961338,621,Cash volume,comparative,prior-year column; not a first print (DR-04)
FY2021Q2,cash_volume_nominal_us,-9.0,usd_billions,nominal,global,measured,primary,0001403161-21-000042/v-20210630.htm,1960817,1960820,(9),Cash volume,current,
FY2021Q2,cash_volume_nominal_us,508.0,usd_billions,nominal,international,measured,primary,0001403161-21-000042/v-20210630.htm,1960408,1960411,508,Cash volume,comparative,prior-year column; not a first print (DR-04)
FY2021Q2,cash_volume_nominal_us,463.0,usd_billions,nominal,international,measured,primary,0001403161-21-000042/v-20210630.htm,1959885,1959888,463,Cash volume,current,
FY2021Q2,cash_volume_nominal_us,139.0,usd_billions,nominal,us,measured,primary,0001403161-21-000042/v-20210630.htm,1958953,1958956,139,Cash volume,comparative,prior-year column; not a first print (DR-04)
FY2021Q2,cash_volume_nominal_us,158.0,usd_billions,nominal,us,measured,primary,0001403161-21-000042/v-20210630.htm,1958430,1958433,158,Cash volume,current,
FY2021Q2,client_incentives,1992.0,usd_millions,gaap,global,measured,primary,0001403161-21-000023/q22021ex991.htm,14555,14562,"(1,992)",Client incentives,,
FY2021Q2,data_processing_revenue,2996.0,usd_millions,gaap,global,measured,primary,0001403161-21-000023/q22021ex991.htm,14429,14434,"2,996",Data processing,,
FY2021Q2,net_interest_other,47.0,usd_millions,gaap,global,measured,primary,0001403161-21-000023/q22021ex991.htm,7025,7027,47,Non-operating,,
FY2021Q2,net_revenue,5.0,usd_millions,gaap,global,measured,primary,0001403161-21-000023/q22021ex991.htm,617,618,5,Net revenue,,
FY2021Q2,operating_expenses_ex_special_items,2148.0,usd_millions,ex_special_items,global,derived,primary,0001403161-21-000023/q22021ex991.htm,19898,19903,"2,148",Total operating expenses,,No operating-expense adjustments in the three-month reconciliation; set equal to GAAP.
FY2021Q2,operating_expenses_gaap,2148.0,usd_millions,gaap,global,measured,primary,0001403161-21-000023/q22021ex991.htm,19898,19903,"2,148",Total operating expenses,,
FY2021Q2,operating_profit_ex_special_items,-2143.0,usd_millions,ex_special_items,global,derived,primary,0001403161-21-000023/q22021ex991.htm,19898,19903,"2,148",Total operating expenses,,
FY2021Q2,operating_profit_gaap,-2143.0,usd_millions,gaap,global,derived,primary,0001403161-21-000023/q22021ex991.htm,617,618,5,Net revenue,,
FY2021Q2,other_revenue,392.0,usd_millions,gaap,global,measured,primary,0001403161-21-000023/q22021ex991.htm,14523,14526,392,Other revenue,,
FY2021Q2,payments_volume_growth_constant,11.0,percent,constant_dollar,global,measured,primary,0001403161-21-000023/q22021ex991.htm,15241,15244,11%,payments volume,,
FY2021Q2,payments_volume_growth_nominal,14.0,percent,nominal,global,measured,primary,0001403161-21-000023/q22021ex991.htm,15245,15248,14%,payments volume,,
FY2021Q2,payments_volume_nominal_us,2131.0,usd_billions,nominal,global,measured,primary,0001403161-21-000042/v-20210630.htm,1957297,1957302,"2,131",Total nominal payments volume(2),comparative,prior-year column; not a first print (DR-04)
FY2021Q2,payments_volume_nominal_us,2423.0,usd_billions,nominal,global,measured,primary,0001403161-21-000042/v-20210630.htm,1956717,1956722,"2,423",Total nominal payments volume(2),current,
FY2021Q2,payments_volume_nominal_us,1148.0,usd_billions,nominal,international,measured,primary,0001403161-21-000042/v-20210630.htm,1955728,1955733,"1,148",Total nominal payments volume(2),comparative,prior-year column; not a first print (DR-04)
FY2021Q2,payments_volume_nominal_us,1266.0,usd_billions,nominal,international,measured,primary,0001403161-21-000042/v-20210630.htm,1955148,1955153,"1,266",Total nominal payments volume(2),current,
FY2021Q2,payments_volume_nominal_us,983.0,usd_billions,nominal,us,measured,primary,0001403161-21-000042/v-20210630.htm,1954161,1954164,983,Total nominal payments volume(2),comparative,prior-year column; not a first print (DR-04)
FY2021Q2,payments_volume_nominal_us,1157.0,usd_billions,nominal,us,measured,primary,0001403161-21-000042/v-20210630.htm,1953581,1953586,"1,157",Total nominal payments volume(2),current,
FY2021Q2,payments_volume_prior_quarter_growth_constant,11.0,percent,constant_dollar,global,measured,primary,0001403161-21-000038/q32021earningsrelease.htm,23105,23108,11%,on which fiscal,,
FY2021Q2,processed_transactions_count,37600.0,transactions_millions,count,global,measured,primary,0001403161-21-000023/q22021ex991.htm,5787,5791,37.6,three months ended,,
FY2021Q2,processed_transactions_growth,8.0,percent,count,global,measured,primary,0001403161-21-000023/q22021ex991.htm,15367,15369,8%,processed transactions,,
FY2021Q2,service_revenue,2845.0,usd_millions,gaap,global,measured,primary,0001403161-21-000023/q22021ex991.htm,14358,14363,"2,845",Service revenue,,
FY2021Q2,special_items,0.0,usd_millions,gaap,global,derived,primary,0001403161-21-000023/q22021ex991.htm,19898,19903,"2,148",Total operating expenses,,Net amount removed from GAAP opex
FY2021Q2,tax_rate,0.166,ratio,gaap,global,measured,primary,0001403161-21-000023/q22021ex991.htm,7259,7263,16.6,effective income tax rate was,,
FY2021Q2,total_volume_nominal_us,2778.0,usd_billions,nominal,global,measured,primary,0001403161-21-000042/v-20210630.htm,1968219,1968224,"2,778","Total nominal volume(2),(5)",comparative,prior-year column; not a first print (DR-04)
FY2021Q2,total_volume_nominal_us,3044.0,usd_billions,nominal,global,measured,primary,0001403161-21-000042/v-20210630.htm,1967419,1967424,"3,044","Total nominal volume(2),(5)",current,
FY2021Q2,total_volume_nominal_us,1656.0,usd_billions,nominal,international,measured,primary,0001403161-21-000042/v-20210630.htm,1966211,1966216,"1,656","Total nominal volume(2),(5)",comparative,prior-year column; not a first print (DR-04)
FY2021Q2,total_volume_nominal_us,1729.0,usd_billions,nominal,international,measured,primary,0001403161-21-000042/v-20210630.htm,1965411,1965416,"1,729","Total nominal volume(2),(5)",current,
FY2021Q2,total_volume_nominal_us,1122.0,usd_billions,nominal,us,measured,primary,0001403161-21-000042/v-20210630.htm,1964202,1964207,"1,122","Total nominal volume(2),(5)",comparative,prior-year column; not a first print (DR-04)
FY2021Q2,total_volume_nominal_us,1315.0,usd_billions,nominal,us,measured,primary,0001403161-21-000042/v-20210630.htm,1963402,1963407,"1,315","Total nominal volume(2),(5)",current,
FY2021Q3,client_incentives,2130.0,usd_millions,gaap,global,measured,primary,0001403161-21-000038/q32021earningsrelease.htm,60083,60090,"(2,130)",Client incentives,,
FY2021Q3,cross_border_ex_intra_europe_growth_constant,53.0,percent,constant_dollar,global,measured,primary,0001403161-21-000038/q32021earningsrelease.htm,94797,94801,53 %,Cross-border volume excluding intra-Europe(1),,
FY2021Q3,cross_border_ex_intra_europe_growth_nominal,62.0,percent,nominal,global,measured,primary,0001403161-21-000038/q32021earningsrelease.htm,95244,95248,62 %,Cross-border volume excluding intra-Europe(1),,
FY2021Q3,cross_border_total_growth_constant,47.0,percent,constant_dollar,global,measured,primary,0001403161-21-000038/q32021earningsrelease.htm,96071,96075,47 %,Cross-border volume total,,
FY2021Q3,cross_border_total_growth_nominal,59.0,percent,nominal,global,measured,primary,0001403161-21-000038/q32021earningsrelease.htm,96518,96522,59 %,Cross-border volume total,,
FY2021Q3,data_processing_revenue,3327.0,usd_millions,gaap,global,measured,primary,0001403161-21-000038/q32021earningsrelease.htm,54775,54780,"3,327",Data processing revenues,,
FY2021Q3,diluted_shares,2184.0,shares_millions,gaap,global,measured,primary,0001403161-21-000038/q32021earningsrelease.htm,227430,227435,"2,184",Class A common stock,,
FY2021Q3,eps_diluted_gaap,1.18,usd_per_share,gaap,global,measured,primary,0001403161-21-000038/q32021earningsrelease.htm,88498,88502,1.18,Earnings per share,,
FY2021Q3,international_transaction_revenue,1696.0,usd_millions,gaap,global,measured,primary,0001403161-21-000038/q32021earningsrelease.htm,56558,56563,"1,696",International transaction revenues,,
FY2021Q3,net_interest_other,325.0,usd_millions,gaap,global,measured,primary,0001403161-21-000038/q32021earningsrelease.htm,82063,82066,325,Non-operating income/(expense),,
FY2021Q3,net_revenue,6130.0,usd_millions,gaap,global,measured,primary,0001403161-21-000038/q32021earningsrelease.htm,61886,61891,"6,130",Net revenues,,
FY2021Q3,operating_expenses_ex_special_items,2048.0,usd_millions,ex_special_items,global,measured,primary,0001403161-21-000038/q32021earningsrelease.htm,357218,357223,"2,048",Non-GAAP,,
FY2021Q3,operating_expenses_gaap,2066.0,usd_millions,gaap,global,measured,primary,0001403161-21-000038/q32021earningsrelease.htm,77221,77226,"2,066",Total operating expenses,,
FY2021Q3,operating_profit_ex_special_items,4082.0,usd_millions,ex_special_items,global,derived,primary,0001403161-21-000038/q32021earningsrelease.htm,357218,357223,"2,048",Non-GAAP,,
FY2021Q3,operating_profit_gaap,4064.0,usd_millions,gaap,global,measured,primary,0001403161-21-000038/q32021earningsrelease.htm,79658,79663,"4,064",Operating income,,
FY2021Q3,other_revenue,409.0,usd_millions,gaap,global,measured,primary,0001403161-21-000038/q32021earningsrelease.htm,58321,58324,409,Other revenues,,
FY2021Q3,payments_volume_growth_constant,34.0,percent,constant_dollar,global,measured,primary,0001403161-21-000038/q32021earningsrelease.htm,93324,93328,34 %,Payments volume,,
FY2021Q3,payments_volume_growth_nominal,39.0,percent,nominal,global,measured,primary,0001403161-21-000038/q32021earningsrelease.htm,93771,93775,39 %,Payments volume,,
FY2021Q3,payments_volume_prior_quarter_growth_constant,34.0,percent,constant_dollar,global,measured,primary,0001403161-21-000056/q42021earningsrelease.htm,27298,27301,34%,on which fiscal,,
FY2021Q3,processed_transactions_count,42600.0,transactions_millions,count,global,measured,primary,0001403161-21-000038/q32021earningsrelease.htm,24128,24132,42.6,three months ended,,
FY2021Q3,processed_transactions_growth,39.0,percent,count,global,measured,primary,0001403161-21-000038/q32021earningsrelease.htm,97342,97346,39 %,Processed transactions,,
FY2021Q3,service_revenue,2828.0,usd_millions,gaap,global,measured,primary,0001403161-21-000038/q32021earningsrelease.htm,52830,52835,"2,828",Service revenues,,
FY2021Q3,special_item_operating_expense,-13.0,usd_millions,gaap,global,measured,primary,0001403161-21-000038/q32021earningsrelease.htm,350582,350586,(13),Amortization of acquired intangible assets,,three-month operating-expense bridge line
FY2021Q3,special_item_operating_expense,-5.0,usd_millions,gaap,global,measured,primary,0001403161-21-000038/q32021earningsrelease.htm,352540,352543,(5),Acquisition-related costs,,three-month operating-expense bridge line
FY2021Q3,special_items,18.0,usd_millions,gaap,global,derived,primary,0001403161-21-000038/q32021earningsrelease.htm,77221,77226,"2,066",Total operating expenses,,Net amount removed from GAAP opex
FY2021Q3,tax_rate,0.413,ratio,gaap,global,measured,primary,0001403161-21-000038/q32021earningsrelease.htm,26014,26018,41.3,effective income tax rate was,,
FY2021Q4,cash_volume_nominal_us,647.0,usd_billions,nominal,global,measured,primary,0001403161-22-000013/v-20211231.htm,1545017,1545020,647,Cash volume(5),comparative,prior-year column; not a first print (DR-04)
FY2021Q4,cash_volume_nominal_us,676.0,usd_billions,nominal,global,measured,primary,0001403161-22-000013/v-20211231.htm,1544494,1544497,676,Cash volume(5),current,
FY2021Q4,cash_volume_nominal_us,482.0,usd_billions,nominal,international,measured,primary,0001403161-22-000013/v-20211231.htm,1543563,1543566,482,Cash volume(5),comparative,prior-year column; not a first print (DR-04)
FY2021Q4,cash_volume_nominal_us,496.0,usd_billions,nominal,international,measured,primary,0001403161-22-000013/v-20211231.htm,1543040,1543043,496,Cash volume(5),current,
FY2021Q4,cash_volume_nominal_us,165.0,usd_billions,nominal,us,measured,primary,0001403161-22-000013/v-20211231.htm,1542109,1542112,165,Cash volume(5),comparative,prior-year column; not a first print (DR-04)
FY2021Q4,cash_volume_nominal_us,180.0,usd_billions,nominal,us,measured,primary,0001403161-22-000013/v-20211231.htm,1541586,1541589,180,Cash volume(5),current,
FY2021Q4,client_incentives,2387.0,usd_millions,gaap,global,measured,primary,0001403161-21-000056/q42021earningsrelease.htm,72425,72432,"(2,387)",Client incentives,,
FY2021Q4,cross_border_ex_intra_europe_growth_constant,46.0,percent,constant_dollar,global,measured,primary,0001403161-21-000056/q42021earningsrelease.htm,107138,107142,46 %,Cross-border volume excluding intra-Europe(1),,
FY2021Q4,cross_border_ex_intra_europe_growth_nominal,48.0,percent,nominal,global,measured,primary,0001403161-21-000056/q42021earningsrelease.htm,107585,107589,48 %,Cross-border volume excluding intra-Europe(1),,
FY2021Q4,cross_border_total_growth_constant,38.0,percent,constant_dollar,global,measured,primary,0001403161-21-000056/q42021earningsrelease.htm,108412,108416,38 %,Cross-border volume total,,
FY2021Q4,cross_border_total_growth_nominal,41.0,percent,nominal,global,measured,primary,0001403161-21-000056/q42021earningsrelease.htm,108859,108863,41 %,Cross-border volume total,,
FY2021Q4,data_processing_revenue,3436.0,usd_millions,gaap,global,measured,primary,0001403161-21-000056/q42021earningsrelease.htm,67117,67122,"3,436",Data processing revenues,,
FY2021Q4,diluted_shares,2175.0,shares_millions,gaap,global,measured,primary,0001403161-21-000056/q42021earningsrelease.htm,292793,292798,"2,175",Class A common stock,,
FY2021Q4,eps_diluted_gaap,1.65,usd_per_share,gaap,global,measured,primary,0001403161-21-000056/q42021earningsrelease.htm,100839,100843,1.65,Earnings per share,,
FY2021Q4,international_transaction_revenue,1895.0,usd_millions,gaap,global,measured,primary,0001403161-21-000056/q42021earningsrelease.htm,68900,68905,"1,895",International transaction revenues,,
FY2021Q4,net_interest_other,-17.0,usd_millions,gaap,global,measured,primary,0001403161-21-000056/q42021earningsrelease.htm,94407,94411,(17),Non-operating income (expense),,
FY2021Q4,net_revenue,6559.0,usd_millions,gaap,global,measured,primary,0001403161-21-000056/q42021earningsrelease.htm,74228,74233,"6,559",Net revenues,,
FY2021Q4,operating_expenses_ex_special_items,2223.0,usd_millions,ex_special_items,global,measured,primary,0001403161-21-000056/q42021earningsrelease.htm,422320,422325,"2,223",Non-GAAP,,
FY2021Q4,operating_expenses_gaap,2244.0,usd_millions,gaap,global,measured,primary,0001403161-21-000056/q42021earningsrelease.htm,89569,89574,"2,244",Total operating expenses,,
FY2021Q4,operating_profit_ex_special_items,4336.0,usd_millions,ex_special_items,global,derived,primary,0001403161-21-000056/q42021earningsrelease.htm,422320,422325,"2,223",Non-GAAP,,
FY2021Q4,operating_profit_gaap,4315.0,usd_millions,gaap,global,measured,primary,0001403161-21-000056/q42021earningsrelease.htm,92006,92011,"4,315",Operating income,,
FY2021Q4,other_revenue,490.0,usd_millions,gaap,global,measured,primary,0001403161-21-000056/q42021earningsrelease.htm,70663,70666,490,Other revenues,,
FY2021Q4,payments_volume_growth_constant,17.0,percent,constant_dollar,global,measured,primary,0001403161-21-000056/q42021earningsrelease.htm,105665,105669,17 %,Payments volume,,
FY2021Q4,payments_volume_growth_nominal,18.0,percent,nominal,global,measured,primary,0001403161-21-000056/q42021earningsrelease.htm,106112,106116,18 %,Payments volume,,
FY2021Q4,payments_volume_nominal_us,2349.0,usd_billions,nominal,global,measured,primary,0001403161-22-000013/v-20211231.htm,1540271,1540276,"2,349",Total nominal payments volume(2),comparative,prior-year column; not a first print (DR-04)
FY2021Q4,payments_volume_nominal_us,2784.0,usd_billions,nominal,global,measured,primary,0001403161-22-000013/v-20211231.htm,1539465,1539470,"2,784",Total nominal payments volume(2),current,
FY2021Q4,payments_volume_nominal_us,1253.0,usd_billions,nominal,international,measured,primary,0001403161-22-000013/v-20211231.htm,1538253,1538258,"1,253",Total nominal payments volume(2),comparative,prior-year column; not a first print (DR-04)
FY2021Q4,payments_volume_nominal_us,1458.0,usd_billions,nominal,international,measured,primary,0001403161-22-000013/v-20211231.htm,1537447,1537452,"1,458",Total nominal payments volume(2),current,
FY2021Q4,payments_volume_nominal_us,1097.0,usd_billions,nominal,us,measured,primary,0001403161-22-000013/v-20211231.htm,1536235,1536240,"1,097",Total nominal payments volume(2),comparative,prior-year column; not a first print (DR-04)
FY2021Q4,payments_volume_nominal_us,1325.0,usd_billions,nominal,us,measured,primary,0001403161-22-000013/v-20211231.htm,1535429,1535434,"1,325",Total nominal payments volume(2),current,
FY2021Q4,payments_volume_prior_quarter_growth_constant,17.0,percent,constant_dollar,global,measured,primary,0001403161-22-000009/q12022earningsrelease.htm,21735,21738,17%,on which fiscal,,
FY2021Q4,processed_transactions_count,45300.0,transactions_millions,count,global,measured,primary,0001403161-21-000056/q42021earningsrelease.htm,28336,28340,45.3,three months ended,,
FY2021Q4,processed_transactions_growth,21.0,percent,count,global,measured,primary,0001403161-21-000056/q42021earningsrelease.htm,109683,109687,21 %,Processed transactions,,
FY2021Q4,service_revenue,3125.0,usd_millions,gaap,global,measured,primary,0001403161-21-000056/q42021earningsrelease.htm,65172,65177,"3,125",Service revenues,,
FY2021Q4,special_item_operating_expense,-13.0,usd_millions,gaap,global,measured,primary,0001403161-21-000056/q42021earningsrelease.htm,417151,417155,(13),Amortization of acquired intangible assets,,three-month operating-expense bridge line
FY2021Q4,special_item_operating_expense,-8.0,usd_millions,gaap,global,measured,primary,0001403161-21-000056/q42021earningsrelease.htm,419109,419112,(8),Acquisition-related costs,,three-month operating-expense bridge line
FY2021Q4,special_items,21.0,usd_millions,gaap,global,derived,primary,0001403161-21-000056/q42021earningsrelease.htm,89569,89574,"2,244",Total operating expenses,,Net amount removed from GAAP opex
FY2021Q4,tax_rate,0.166,ratio,gaap,global,measured,primary,0001403161-21-000056/q42021earningsrelease.htm,30182,30186,16.6,effective income tax rate was,,
FY2021Q4,total_volume_nominal_us,2996.0,usd_billions,nominal,global,measured,primary,0001403161-22-000013/v-20211231.htm,1551917,1551922,"2,996","Total nominal volume(2),(6)",comparative,prior-year column; not a first print (DR-04)
FY2021Q4,total_volume_nominal_us,3460.0,usd_billions,nominal,global,measured,primary,0001403161-22-000013/v-20211231.htm,1551021,1551026,"3,460","Total nominal volume(2),(6)",current,
FY2021Q4,total_volume_nominal_us,1734.0,usd_billions,nominal,international,measured,primary,0001403161-22-000013/v-20211231.htm,1549719,1549724,"1,734","Total nominal volume(2),(6)",comparative,prior-year column; not a first print (DR-04)
FY2021Q4,total_volume_nominal_us,1955.0,usd_billions,nominal,international,measured,primary,0001403161-22-000013/v-20211231.htm,1548823,1548828,"1,955","Total nominal volume(2),(6)",current,
FY2021Q4,total_volume_nominal_us,1262.0,usd_billions,nominal,us,measured,primary,0001403161-22-000013/v-20211231.htm,1547521,1547526,"1,262","Total nominal volume(2),(6)",comparative,prior-year column; not a first print (DR-04)
FY2021Q4,total_volume_nominal_us,1506.0,usd_billions,nominal,us,measured,primary,0001403161-22-000013/v-20211231.htm,1546625,1546630,"1,506","Total nominal volume(2),(6)",current,
FY2022Q1,cash_volume_nominal_us,640.0,usd_billions,nominal,global,measured,primary,0001403161-22-000027/v-20220331.htm,2032448,2032451,640,Cash volume(5),comparative,prior-year column; not a first print (DR-04)
FY2022Q1,cash_volume_nominal_us,667.0,usd_billions,nominal,global,measured,primary,0001403161-22-000027/v-20220331.htm,2031925,2031928,667,Cash volume(5),current,
FY2022Q1,cash_volume_nominal_us,497.0,usd_billions,nominal,international,measured,primary,0001403161-22-000027/v-20220331.htm,2030994,2030997,497,Cash volume(5),comparative,prior-year column; not a first print (DR-04)
FY2022Q1,cash_volume_nominal_us,514.0,usd_billions,nominal,international,measured,primary,0001403161-22-000027/v-20220331.htm,2030471,2030474,514,Cash volume(5),current,
FY2022Q1,cash_volume_nominal_us,143.0,usd_billions,nominal,us,measured,primary,0001403161-22-000027/v-20220331.htm,2029540,2029543,143,Cash volume(5),comparative,prior-year column; not a first print (DR-04)
FY2022Q1,cash_volume_nominal_us,153.0,usd_billions,nominal,us,measured,primary,0001403161-22-000027/v-20220331.htm,2029017,2029020,153,Cash volume(5),current,
FY2022Q1,client_incentives,2371.0,usd_millions,gaap,global,measured,primary,0001403161-22-000009/q12022earningsrelease.htm,59499,59506,"(2,371)",Client incentives,,
FY2022Q1,cross_border_ex_intra_europe_growth_constant,51.0,percent,constant_dollar,global,measured,primary,0001403161-22-000009/q12022earningsrelease.htm,94155,94158,51%,Cross-border volume excluding intra-Europe(1),,
FY2022Q1,cross_border_ex_intra_europe_growth_nominal,49.0,percent,nominal,global,measured,primary,0001403161-22-000009/q12022earningsrelease.htm,94400,94403,49%,Cross-border volume excluding intra-Europe(1),,
FY2022Q1,cross_border_total_growth_constant,40.0,percent,constant_dollar,global,measured,primary,0001403161-22-000009/q12022earningsrelease.htm,95025,95028,40%,Cross-border volume total,,
FY2022Q1,cross_border_total_growth_nominal,37.0,percent,nominal,global,measured,primary,0001403161-22-000009/q12022earningsrelease.htm,95270,95273,37%,Cross-border volume total,,
FY2022Q1,data_processing_revenue,3614.0,usd_millions,gaap,global,measured,primary,0001403161-22-000009/q12022earningsrelease.htm,54191,54196,"3,614",Data processing revenues,,
FY2022Q1,diluted_shares,2159.0,shares_millions,gaap,global,measured,primary,0001403161-22-000009/q12022earningsrelease.htm,204432,204437,"2,159",Class A common stock,,
FY2022Q1,eps_diluted_gaap,1.83,usd_per_share,gaap,global,measured,primary,0001403161-22-000009/q12022earningsrelease.htm,87718,87722,1.83,Earnings per share,,
FY2022Q1,international_transaction_revenue,2174.0,usd_millions,gaap,global,measured,primary,0001403161-22-000009/q12022earningsrelease.htm,55974,55979,"2,174",International transaction revenues,,
FY2022Q1,net_interest_other,121.0,usd_millions,gaap,global,measured,primary,0001403161-22-000009/q12022earningsrelease.htm,81285,81288,121,Non-operating income (expense),,
FY2022Q1,net_revenue,7059.0,usd_millions,gaap,global,measured,primary,0001403161-22-000009/q12022earningsrelease.htm,61302,61307,"7,059",Net revenues,,
FY2022Q1,operating_expenses_ex_special_items,2115.0,usd_millions,ex_special_items,global,measured,primary,0001403161-22-000009/q12022earningsrelease.htm,330225,330230,"2,115",Non-GAAP,,
FY2022Q1,operating_expenses_gaap,2283.0,usd_millions,gaap,global,measured,primary,0001403161-22-000009/q12022earningsrelease.htm,76447,76452,"2,283",Total operating expenses,,
FY2022Q1,operating_profit_ex_special_items,4944.0,usd_millions,ex_special_items,global,derived,primary,0001403161-22-000009/q12022earningsrelease.htm,330225,330230,"2,115",Non-GAAP,,
FY2022Q1,operating_profit_gaap,4776.0,usd_millions,gaap,global,measured,primary,0001403161-22-000009/q12022earningsrelease.htm,78884,78889,"4,776",Operating income,,
FY2022Q1,other_revenue,449.0,usd_millions,gaap,global,measured,primary,0001403161-22-000009/q12022earningsrelease.htm,57737,57740,449,Other revenues,,
FY2022Q1,payments_volume_growth_constant,20.0,percent,constant_dollar,global,measured,primary,0001403161-22-000009/q12022earningsrelease.htm,93086,93089,20%,Payments volume,,
FY2022Q1,payments_volume_growth_nominal,20.0,percent,nominal,global,measured,primary,0001403161-22-000009/q12022earningsrelease.htm,93331,93334,20%,Payments volume,,
FY2022Q1,payments_volume_nominal_us,2476.0,usd_billions,nominal,global,measured,primary,0001403161-22-000027/v-20220331.htm,2027702,2027707,"2,476",Total nominal payments volume(2),comparative,prior-year column; not a first print (DR-04)
FY2022Q1,payments_volume_nominal_us,2963.0,usd_billions,nominal,global,measured,primary,0001403161-22-000027/v-20220331.htm,2026896,2026901,"2,963",Total nominal payments volume(2),current,
FY2022Q1,payments_volume_nominal_us,1336.0,usd_billions,nominal,international,measured,primary,0001403161-22-000027/v-20220331.htm,2025684,2025689,"1,336",Total nominal payments volume(2),comparative,prior-year column; not a first print (DR-04)
FY2022Q1,payments_volume_nominal_us,1568.0,usd_billions,nominal,international,measured,primary,0001403161-22-000027/v-20220331.htm,2024878,2024883,"1,568",Total nominal payments volume(2),current,
FY2022Q1,payments_volume_nominal_us,1140.0,usd_billions,nominal,us,measured,primary,0001403161-22-000027/v-20220331.htm,2023666,2023671,"1,140",Total nominal payments volume(2),comparative,prior-year column; not a first print (DR-04)
FY2022Q1,payments_volume_nominal_us,1394.0,usd_billions,nominal,us,measured,primary,0001403161-22-000027/v-20220331.htm,2022860,2022865,"1,394",Total nominal payments volume(2),current,
FY2022Q1,payments_volume_prior_quarter_growth_constant,20.0,percent,constant_dollar,global,measured,primary,0001403161-22-000023/q22022earningsrelease.htm,20703,20706,20%,on which fiscal,,
FY2022Q1,processed_transactions_count,47600.0,transactions_millions,count,global,measured,primary,0001403161-22-000009/q12022earningsrelease.htm,23310,23314,47.6,three months ended,,
FY2022Q1,processed_transactions_growth,21.0,percent,count,global,measured,primary,0001403161-22-000009/q12022earningsrelease.htm,95892,95895,21%,Processed transactions,,
FY2022Q1,service_revenue,3193.0,usd_millions,gaap,global,measured,primary,0001403161-22-000009/q12022earningsrelease.htm,52246,52251,"3,193",Service revenues,,
FY2022Q1,special_item_operating_expense,-13.0,usd_millions,gaap,global,measured,primary,0001403161-22-000009/q12022earningsrelease.htm,323615,323619,(13),Amortization of acquired intangible assets,,three-month operating-expense bridge line
FY2022Q1,special_item_operating_expense,-10.0,usd_millions,gaap,global,measured,primary,0001403161-22-000009/q12022earningsrelease.htm,325573,325577,(10),Acquisition-related costs,,three-month operating-expense bridge line
FY2022Q1,special_item_operating_expense,-145.0,usd_millions,gaap,global,measured,primary,0001403161-22-000009/q12022earningsrelease.htm,327525,327530,(145),Litigation provision,,three-month operating-expense bridge line
FY2022Q1,special_items,168.0,usd_millions,gaap,global,derived,primary,0001403161-22-000009/q12022earningsrelease.htm,76447,76452,"2,283",Total operating expenses,,Net amount removed from GAAP opex
FY2022Q1,tax_rate,0.191,ratio,gaap,global,measured,primary,0001403161-22-000009/q12022earningsrelease.htm,25994,25998,19.1,effective income tax rate was,,
FY2022Q1,total_volume_nominal_us,3116.0,usd_billions,nominal,global,measured,primary,0001403161-22-000027/v-20220331.htm,2038814,2038819,"3,116","Total nominal volume(2),(6)",comparative,prior-year column; not a first print (DR-04)
FY2022Q1,total_volume_nominal_us,3630.0,usd_billions,nominal,global,measured,primary,0001403161-22-000027/v-20220331.htm,2038014,2038019,"3,630","Total nominal volume(2),(6)",current,
FY2022Q1,total_volume_nominal_us,1833.0,usd_billions,nominal,international,measured,primary,0001403161-22-000027/v-20220331.htm,2036805,2036810,"1,833","Total nominal volume(2),(6)",comparative,prior-year column; not a first print (DR-04)
FY2022Q1,total_volume_nominal_us,2083.0,usd_billions,nominal,international,measured,primary,0001403161-22-000027/v-20220331.htm,2036005,2036010,"2,083","Total nominal volume(2),(6)",current,
FY2022Q1,total_volume_nominal_us,1283.0,usd_billions,nominal,us,measured,primary,0001403161-22-000027/v-20220331.htm,2034796,2034801,"1,283","Total nominal volume(2),(6)",comparative,prior-year column; not a first print (DR-04)
FY2022Q1,total_volume_nominal_us,1547.0,usd_billions,nominal,us,measured,primary,0001403161-22-000027/v-20220331.htm,2033996,2034001,"1,547","Total nominal volume(2),(6)",current,
FY2022Q2,cash_volume_nominal_us,621.0,usd_billions,nominal,global,measured,primary,0001403161-22-000058/v-20220630.htm,2112028,2112031,621,Cash volume(5),comparative,prior-year column; not a first print (DR-04)
FY2022Q2,cash_volume_nominal_us,608.0,usd_billions,nominal,global,measured,primary,0001403161-22-000058/v-20220630.htm,2111505,2111508,608,Cash volume(5),current,
FY2022Q2,cash_volume_nominal_us,463.0,usd_billions,nominal,international,measured,primary,0001403161-22-000058/v-20220630.htm,2110568,2110571,463,Cash volume(5),comparative,prior-year column; not a first print (DR-04)
FY2022Q2,cash_volume_nominal_us,464.0,usd_billions,nominal,international,measured,primary,0001403161-22-000058/v-20220630.htm,2110045,2110048,464,Cash volume(5),current,
FY2022Q2,cash_volume_nominal_us,158.0,usd_billions,nominal,us,measured,primary,0001403161-22-000058/v-20220630.htm,2109113,2109116,158,Cash volume(5),comparative,prior-year column; not a first print (DR-04)
FY2022Q2,cash_volume_nominal_us,144.0,usd_billions,nominal,us,measured,primary,0001403161-22-000058/v-20220630.htm,2108590,2108593,144,Cash volume(5),current,
FY2022Q2,client_incentives,2494.0,usd_millions,gaap,global,measured,primary,0001403161-22-000023/q22022earningsrelease.htm,54973,54980,"(2,494)",Client incentives,,
FY2022Q2,cross_border_ex_intra_europe_growth_constant,47.0,percent,constant_dollar,global,measured,primary,0001403161-22-000023/q22022earningsrelease.htm,73717,73720,47%,Cross-border volume excluding intra-Europe(2),,
FY2022Q2,cross_border_ex_intra_europe_growth_nominal,42.0,percent,nominal,global,measured,primary,0001403161-22-000023/q22022earningsrelease.htm,73962,73965,42%,Cross-border volume excluding intra-Europe(2),,
FY2022Q2,cross_border_total_growth_constant,38.0,percent,constant_dollar,global,measured,primary,0001403161-22-000023/q22022earningsrelease.htm,74415,74418,38%,Cross-border volume total,,
FY2022Q2,cross_border_total_growth_nominal,31.0,percent,nominal,global,measured,primary,0001403161-22-000023/q22022earningsrelease.htm,74660,74663,31%,Cross-border volume total,,
FY2022Q2,data_processing_revenue,3480.0,usd_millions,gaap,global,measured,primary,0001403161-22-000023/q22022earningsrelease.htm,51988,51993,"3,480",Data processing revenues,,
FY2022Q2,diluted_shares,2142.0,shares_millions,gaap,global,measured,primary,0001403161-22-000023/q22022earningsrelease.htm,203773,203778,"2,142",Class A common stock,,
FY2022Q2,eps_diluted_ex_special_items,1.79,usd_per_share,ex_special_items,global,measured,primary,0001403161-22-000023/q22022earningsrelease.htm,69252,69256,1.79,Earnings per share,,
FY2022Q2,eps_diluted_gaap,1.7,usd_per_share,gaap,global,measured,primary,0001403161-22-000023/q22022earningsrelease.htm,62432,62436,1.70,Earnings per share,,
FY2022Q2,international_transaction_revenue,2208.0,usd_millions,gaap,global,measured,primary,0001403161-22-000023/q22022earningsrelease.htm,52996,53001,"2,208",International transaction revenues,,
FY2022Q2,net_interest_other,-260.0,usd_millions,gaap,global,measured,primary,0001403161-22-000023/q22022earningsrelease.htm,58529,58534,(260),Non-operating income (expense),,
FY2022Q2,net_revenue,7189.0,usd_millions,gaap,global,measured,primary,0001403161-22-000023/q22022earningsrelease.htm,56005,56010,"7,189",Net revenues,,
FY2022Q2,operating_expenses_ex_special_items,2287.0,usd_millions,ex_special_items,global,measured,primary,0001403161-22-000023/q22022earningsrelease.htm,64448,64453,"2,287",Total operating expenses,,
FY2022Q2,operating_expenses_gaap,2387.0,usd_millions,gaap,global,measured,primary,0001403161-22-000023/q22022earningsrelease.htm,57475,57480,"2,387",Total operating expenses,,
FY2022Q2,operating_profit_ex_special_items,4902.0,usd_millions,ex_special_items,global,derived,primary,0001403161-22-000023/q22022earningsrelease.htm,64448,64453,"2,287",Total operating expenses,,
FY2022Q2,operating_profit_gaap,4802.0,usd_millions,gaap,global,derived,primary,0001403161-22-000023/q22022earningsrelease.htm,56005,56010,"7,189",Net revenues,,
FY2022Q2,other_revenue,474.0,usd_millions,gaap,global,measured,primary,0001403161-22-000023/q22022earningsrelease.htm,53984,53987,474,Other revenues,,
FY2022Q2,payments_volume_growth_constant,17.0,percent,constant_dollar,global,measured,primary,0001403161-22-000023/q22022earningsrelease.htm,72820,72823,17%,Payments volume,,
FY2022Q2,payments_volume_growth_nominal,14.0,percent,nominal,global,measured,primary,0001403161-22-000023/q22022earningsrelease.htm,73065,73068,14%,Payments volume,,
FY2022Q2,payments_volume_nominal_us,2424.0,usd_billions,nominal,global,measured,primary,0001403161-22-000058/v-20220630.htm,2107275,2107280,"2,424",Total nominal payments volume(2),comparative,prior-year column; not a first print (DR-04)
FY2022Q2,payments_volume_nominal_us,2775.0,usd_billions,nominal,global,measured,primary,0001403161-22-000058/v-20220630.htm,2106469,2106474,"2,775",Total nominal payments volume(2),current,
FY2022Q2,payments_volume_nominal_us,1267.0,usd_billions,nominal,international,measured,primary,0001403161-22-000058/v-20220630.htm,2105257,2105262,"1,267",Total nominal payments volume(2),comparative,prior-year column; not a first print (DR-04)
FY2022Q2,payments_volume_nominal_us,1438.0,usd_billions,nominal,international,measured,primary,0001403161-22-000058/v-20220630.htm,2104451,2104456,"1,438",Total nominal payments volume(2),current,
FY2022Q2,payments_volume_nominal_us,1157.0,usd_billions,nominal,us,measured,primary,0001403161-22-000058/v-20220630.htm,2103239,2103244,"1,157",Total nominal payments volume(2),comparative,prior-year column; not a first print (DR-04)
FY2022Q2,payments_volume_nominal_us,1337.0,usd_billions,nominal,us,measured,primary,0001403161-22-000058/v-20220630.htm,2102433,2102438,"1,337",Total nominal payments volume(2),current,
FY2022Q2,payments_volume_prior_quarter_growth_constant,17.0,percent,constant_dollar,global,measured,primary,0001403161-22-000055/q32022earningsrelease.htm,20985,20988,17%,on which fiscal,,
FY2022Q2,processed_transactions_count,44800.0,transactions_millions,count,global,measured,primary,0001403161-22-000023/q22022earningsrelease.htm,22266,22270,44.8,three months ended,,
FY2022Q2,processed_transactions_growth,19.0,percent,count,global,measured,primary,0001403161-22-000023/q22022earningsrelease.htm,75110,75113,19%,Processed transactions,,
FY2022Q2,service_revenue,3521.0,usd_millions,gaap,global,measured,primary,0001403161-22-000023/q22022earningsrelease.htm,50990,50995,"3,521",Service revenues,,
FY2022Q2,special_item_operating_expense,-20.0,usd_millions,gaap,global,measured,primary,0001403161-22-000023/q22022earningsrelease.htm,329946,329950,(20),Amortization of acquired intangible assets,,three-month operating-expense bridge line
FY2022Q2,special_item_operating_expense,-20.0,usd_millions,gaap,global,measured,primary,0001403161-22-000023/q22022earningsrelease.htm,332153,332157,(20),Acquisition-related costs,,three-month operating-expense bridge line
FY2022Q2,special_item_operating_expense,-60.0,usd_millions,gaap,global,measured,primary,0001403161-22-000023/q22022earningsrelease.htm,335887,335891,(60),Russia-Ukraine charges,,three-month operating-expense bridge line
FY2022Q2,special_items,100.0,usd_millions,gaap,global,derived,primary,0001403161-22-000023/q22022earningsrelease.htm,57475,57480,"2,387",Total operating expenses,,Net amount removed from GAAP opex
FY2022Q2,tax_rate,0.197,ratio,gaap,global,measured,primary,0001403161-22-000023/q22022earningsrelease.htm,25095,25099,19.7,effective income tax rate was,,
FY2022Q2,total_volume_nominal_us,3045.0,usd_billions,nominal,global,measured,primary,0001403161-22-000058/v-20220630.htm,2118395,2118400,"3,045","Total nominal volume(2),(6)",comparative,prior-year column; not a first print (DR-04)
FY2022Q2,total_volume_nominal_us,3383.0,usd_billions,nominal,global,measured,primary,0001403161-22-000058/v-20220630.htm,2117595,2117600,"3,383","Total nominal volume(2),(6)",current,
FY2022Q2,total_volume_nominal_us,1730.0,usd_billions,nominal,international,measured,primary,0001403161-22-000058/v-20220630.htm,2116386,2116391,"1,730","Total nominal volume(2),(6)",comparative,prior-year column; not a first print (DR-04)
FY2022Q2,total_volume_nominal_us,1902.0,usd_billions,nominal,international,measured,primary,0001403161-22-000058/v-20220630.htm,2115586,2115591,"1,902","Total nominal volume(2),(6)",current,
FY2022Q2,total_volume_nominal_us,1316.0,usd_billions,nominal,us,measured,primary,0001403161-22-000058/v-20220630.htm,2114377,2114382,"1,316","Total nominal volume(2),(6)",comparative,prior-year column; not a first print (DR-04)
FY2022Q2,total_volume_nominal_us,1482.0,usd_billions,nominal,us,measured,primary,0001403161-22-000058/v-20220630.htm,2113577,2113582,"1,482","Total nominal volume(2),(6)",current,
FY2022Q3,client_incentives,2570.0,usd_millions,gaap,global,measured,primary,0001403161-22-000055/q32022earningsrelease.htm,56153,56160,"(2,570)",Client incentives,,
FY2022Q3,cross_border_ex_intra_europe_growth_constant,48.0,percent,constant_dollar,global,measured,primary,0001403161-22-000055/q32022earningsrelease.htm,74901,74904,48%,Cross-border volume excluding intra-Europe(2),,
FY2022Q3,cross_border_ex_intra_europe_growth_nominal,38.0,percent,nominal,global,measured,primary,0001403161-22-000055/q32022earningsrelease.htm,75146,75149,38%,Cross-border volume excluding intra-Europe(2),,
FY2022Q3,cross_border_total_growth_constant,40.0,percent,constant_dollar,global,measured,primary,0001403161-22-000055/q32022earningsrelease.htm,75599,75602,40%,Cross-border volume total,,
FY2022Q3,cross_border_total_growth_nominal,28.0,percent,nominal,global,measured,primary,0001403161-22-000055/q32022earningsrelease.htm,75844,75847,28%,Cross-border volume total,,
FY2022Q3,data_processing_revenue,3579.0,usd_millions,gaap,global,measured,primary,0001403161-22-000055/q32022earningsrelease.htm,53169,53174,"3,579",Data processing revenues,,
FY2022Q3,diluted_shares,2129.0,shares_millions,gaap,global,measured,primary,0001403161-22-000055/q32022earningsrelease.htm,204969,204974,"2,129",Class A common stock,,
FY2022Q3,eps_diluted_ex_special_items,1.98,usd_per_share,ex_special_items,global,measured,primary,0001403161-22-000055/q32022earningsrelease.htm,70437,70441,1.98,Earnings per share,,
FY2022Q3,eps_diluted_gaap,1.6,usd_per_share,gaap,global,measured,primary,0001403161-22-000055/q32022earningsrelease.htm,63615,63619,1.60,Earnings per share,,
FY2022Q3,international_transaction_revenue,2560.0,usd_millions,gaap,global,measured,primary,0001403161-22-000055/q32022earningsrelease.htm,54176,54181,"2,560",International transaction revenues,,
FY2022Q3,net_interest_other,-319.0,usd_millions,gaap,global,measured,primary,0001403161-22-000055/q32022earningsrelease.htm,59709,59714,(319),Non-operating income (expense),,
FY2022Q3,net_revenue,7275.0,usd_millions,gaap,global,measured,primary,0001403161-22-000055/q32022earningsrelease.htm,57185,57190,"7,275",Net revenues,,
FY2022Q3,operating_expenses_ex_special_items,2353.0,usd_millions,ex_special_items,global,measured,primary,0001403161-22-000055/q32022earningsrelease.htm,65630,65635,"2,353",Total operating expenses,,
FY2022Q3,operating_expenses_gaap,3127.0,usd_millions,gaap,global,measured,primary,0001403161-22-000055/q32022earningsrelease.htm,58655,58660,"3,127",Total operating expenses,,
FY2022Q3,operating_profit_ex_special_items,4922.0,usd_millions,ex_special_items,global,derived,primary,0001403161-22-000055/q32022earningsrelease.htm,65630,65635,"2,353",Total operating expenses,,
FY2022Q3,operating_profit_gaap,4148.0,usd_millions,gaap,global,derived,primary,0001403161-22-000055/q32022earningsrelease.htm,57185,57190,"7,275",Net revenues,,
FY2022Q3,other_revenue,517.0,usd_millions,gaap,global,measured,primary,0001403161-22-000055/q32022earningsrelease.htm,55164,55167,517,Other revenues,,
FY2022Q3,payments_volume_growth_constant,12.0,percent,constant_dollar,global,measured,primary,0001403161-22-000055/q32022earningsrelease.htm,74005,74008,12%,Payments volume,,
FY2022Q3,payments_volume_growth_nominal,8.0,percent,nominal,global,measured,primary,0001403161-22-000055/q32022earningsrelease.htm,74250,74252,8%,Payments volume,,
FY2022Q3,payments_volume_prior_quarter_growth_constant,12.0,percent,constant_dollar,global,measured,primary,0001403161-22-000076/q42022earningsrelease.htm,28098,28101,12%,on which fiscal,,
FY2022Q3,processed_transactions_count,49300.0,transactions_millions,count,global,measured,primary,0001403161-22-000055/q32022earningsrelease.htm,22547,22551,49.3,three months ended,,
FY2022Q3,processed_transactions_growth,16.0,percent,count,global,measured,primary,0001403161-22-000055/q32022earningsrelease.htm,76294,76297,16%,Processed transactions,,
FY2022Q3,service_revenue,3189.0,usd_millions,gaap,global,measured,primary,0001403161-22-000055/q32022earningsrelease.htm,52171,52176,"3,189",Service revenues,,
FY2022Q3,special_item_operating_expense,-44.0,usd_millions,gaap,global,measured,primary,0001403161-22-000055/q32022earningsrelease.htm,333499,333503,(44),Amortization of acquired intangible assets,,three-month operating-expense bridge line
FY2022Q3,special_item_operating_expense,-14.0,usd_millions,gaap,global,measured,primary,0001403161-22-000055/q32022earningsrelease.htm,335707,335711,(14),Acquisition-related costs,,three-month operating-expense bridge line
FY2022Q3,special_item_operating_expense,-716.0,usd_millions,gaap,global,measured,primary,0001403161-22-000055/q32022earningsrelease.htm,337909,337914,(716),Litigation provision,,three-month operating-expense bridge line
FY2022Q3,special_items,774.0,usd_millions,gaap,global,derived,primary,0001403161-22-000055/q32022earningsrelease.htm,58655,58660,"3,127",Total operating expenses,,Net amount removed from GAAP opex
FY2022Q3,tax_rate,0.109,ratio,gaap,global,measured,primary,0001403161-22-000055/q32022earningsrelease.htm,25427,25431,10.9,effective income tax rate was,,
FY2022Q4,cash_volume_nominal_us,675.0,usd_billions,nominal,global,measured,primary,0001403161-23-000013/v-20221231.htm,1566210,1566213,675,Cash volume(5),comparative,prior-year column; not a first print (DR-04)
FY2022Q4,cash_volume_nominal_us,606.0,usd_billions,nominal,global,measured,primary,0001403161-23-000013/v-20221231.htm,1565687,1565690,606,Cash volume(5),current,
FY2022Q4,cash_volume_nominal_us,496.0,usd_billions,nominal,international,measured,primary,0001403161-23-000013/v-20221231.htm,1564755,1564758,496,Cash volume(5),comparative,prior-year column; not a first print (DR-04)
FY2022Q4,cash_volume_nominal_us,451.0,usd_billions,nominal,international,measured,primary,0001403161-23-000013/v-20221231.htm,1564232,1564235,451,Cash volume(5),current,
FY2022Q4,cash_volume_nominal_us,179.0,usd_billions,nominal,us,measured,primary,0001403161-23-000013/v-20221231.htm,1563299,1563302,179,Cash volume(5),comparative,prior-year column; not a first print (DR-04)
FY2022Q4,cash_volume_nominal_us,155.0,usd_billions,nominal,us,measured,primary,0001403161-23-000013/v-20221231.htm,1562776,1562779,155,Cash volume(5),current,
FY2022Q4,client_incentives,2860.0,usd_millions,gaap,global,measured,primary,0001403161-22-000076/q42022earningsrelease.htm,78102,78109,"(2,860)",Client incentives,,
FY2022Q4,cross_border_ex_intra_europe_growth_constant,49.0,percent,constant_dollar,global,measured,primary,0001403161-22-000076/q42022earningsrelease.htm,111639,111642,49%,Cross-border volume excluding intra-Europe(2),,
FY2022Q4,cross_border_ex_intra_europe_growth_nominal,36.0,percent,nominal,global,measured,primary,0001403161-22-000076/q42022earningsrelease.htm,111884,111887,36%,Cross-border volume excluding intra-Europe(2),,
FY2022Q4,cross_border_total_growth_constant,36.0,percent,constant_dollar,global,measured,primary,0001403161-22-000076/q42022earningsrelease.htm,112827,112830,36%,Cross-border volume total,,
FY2022Q4,cross_border_total_growth_nominal,21.0,percent,nominal,global,measured,primary,0001403161-22-000076/q42022earningsrelease.htm,113072,113075,21%,Cross-border volume total,,
FY2022Q4,data_processing_revenue,3765.0,usd_millions,gaap,global,measured,primary,0001403161-22-000076/q42022earningsrelease.htm,72767,72772,"3,765",Data processing revenues,,
FY2022Q4,diluted_shares,2116.0,shares_millions,gaap,global,measured,primary,0001403161-22-000076/q42022earningsrelease.htm,238344,238349,"2,116",Class A common stock,,
FY2022Q4,eps_diluted_ex_special_items,1.93,usd_per_share,ex_special_items,global,measured,primary,0001403161-22-000076/q42022earningsrelease.htm,103275,103279,1.93,Earnings per share,,
FY2022Q4,eps_diluted_gaap,1.86,usd_per_share,gaap,global,measured,primary,0001403161-22-000076/q42022earningsrelease.htm,91151,91155,1.86,Earnings per share,,
FY2022Q4,international_transaction_revenue,2873.0,usd_millions,gaap,global,measured,primary,0001403161-22-000076/q42022earningsrelease.htm,74559,74564,"2,873",International transaction revenues,,
FY2022Q4,net_interest_other,-219.0,usd_millions,gaap,global,measured,primary,0001403161-22-000076/q42022earningsrelease.htm,84475,84480,(219),Non-operating income (expense),,
FY2022Q4,net_revenue,7787.0,usd_millions,gaap,global,measured,primary,0001403161-22-000076/q42022earningsrelease.htm,79914,79919,"7,787",Net revenues,,
FY2022Q4,operating_expenses_ex_special_items,2632.0,usd_millions,ex_special_items,global,measured,primary,0001403161-22-000076/q42022earningsrelease.htm,94614,94619,"2,632",Total operating expenses,,
FY2022Q4,operating_expenses_gaap,2700.0,usd_millions,gaap,global,measured,primary,0001403161-22-000076/q42022earningsrelease.htm,82465,82470,"2,700",Total operating expenses,,
FY2022Q4,operating_profit_ex_special_items,5155.0,usd_millions,ex_special_items,global,derived,primary,0001403161-22-000076/q42022earningsrelease.htm,94614,94619,"2,632",Total operating expenses,,
FY2022Q4,operating_profit_gaap,5087.0,usd_millions,gaap,global,derived,primary,0001403161-22-000076/q42022earningsrelease.htm,79914,79919,"7,787",Net revenues,,
FY2022Q4,other_revenue,551.0,usd_millions,gaap,global,measured,primary,0001403161-22-000076/q42022earningsrelease.htm,76330,76333,551,Other revenues,,
FY2022Q4,payments_volume_growth_constant,10.0,percent,constant_dollar,global,measured,primary,0001403161-22-000076/q42022earningsrelease.htm,110253,110256,10%,Payments volume,,
FY2022Q4,payments_volume_growth_nominal,5.0,percent,nominal,global,measured,primary,0001403161-22-000076/q42022earningsrelease.htm,110498,110500,5%,Payments volume,,
FY2022Q4,payments_volume_nominal_us,2787.0,usd_billions,nominal,global,measured,primary,0001403161-23-000013/v-20221231.htm,1561462,1561467,"2,787",Total nominal payments volume(2),comparative,prior-year column; not a first print (DR-04)
FY2022Q4,payments_volume_nominal_us,2929.0,usd_billions,nominal,global,measured,primary,0001403161-23-000013/v-20221231.htm,1560656,1560661,"2,929",Total nominal payments volume(2),current,
FY2022Q4,payments_volume_nominal_us,1461.0,usd_billions,nominal,international,measured,primary,0001403161-23-000013/v-20221231.htm,1559444,1559449,"1,461",Total nominal payments volume(2),comparative,prior-year column; not a first print (DR-04)
FY2022Q4,payments_volume_nominal_us,1449.0,usd_billions,nominal,international,measured,primary,0001403161-23-000013/v-20221231.htm,1558638,1558643,"1,449",Total nominal payments volume(2),current,
FY2022Q4,payments_volume_nominal_us,1326.0,usd_billions,nominal,us,measured,primary,0001403161-23-000013/v-20221231.htm,1557426,1557431,"1,326",Total nominal payments volume(2),comparative,prior-year column; not a first print (DR-04)
FY2022Q4,payments_volume_nominal_us,1480.0,usd_billions,nominal,us,measured,primary,0001403161-23-000013/v-20221231.htm,1556620,1556625,"1,480",Total nominal payments volume(2),current,
FY2022Q4,payments_volume_prior_quarter_growth_constant,10.0,percent,constant_dollar,global,measured,primary,0001403161-23-000010/q12023earningsrelease.htm,20913,20916,10%,on which fiscal,,
FY2022Q4,processed_transactions_count,50900.0,transactions_millions,count,global,measured,primary,0001403161-22-000076/q42022earningsrelease.htm,29688,29692,50.9,three months ended,,
FY2022Q4,processed_transactions_growth,12.0,percent,count,global,measured,primary,0001403161-22-000076/q42022earningsrelease.htm,114012,114015,12%,Processed transactions,,
FY2022Q4,service_revenue,3458.0,usd_millions,gaap,global,measured,primary,0001403161-22-000076/q42022earningsrelease.htm,70813,70818,"3,458",Service revenues,,
FY2022Q4,special_item_operating_expense,-43.0,usd_millions,gaap,global,measured,primary,0001403161-22-000076/q42022earningsrelease.htm,366469,366473,(43),Amortization of acquired intangible assets,,three-month operating-expense bridge line
FY2022Q4,special_item_operating_expense,-25.0,usd_millions,gaap,global,measured,primary,0001403161-22-000076/q42022earningsrelease.htm,368690,368694,(25),Acquisition-related costs,,three-month operating-expense bridge line
FY2022Q4,special_items,68.0,usd_millions,gaap,global,derived,primary,0001403161-22-000076/q42022earningsrelease.htm,82465,82470,"2,700",Total operating expenses,,Net amount removed from GAAP opex
FY2022Q4,tax_rate,0.191,ratio,gaap,global,measured,primary,0001403161-22-000076/q42022earningsrelease.htm,32367,32371,19.1,effective income tax rate was,,
FY2022Q4,total_volume_nominal_us,3462.0,usd_billions,nominal,global,measured,primary,0001403161-23-000013/v-20221231.htm,1573111,1573116,"3,462","Total nominal volume(2),(6)",comparative,prior-year column; not a first print (DR-04)
FY2022Q4,total_volume_nominal_us,3535.0,usd_billions,nominal,global,measured,primary,0001403161-23-000013/v-20221231.htm,1572215,1572220,"3,535","Total nominal volume(2),(6)",current,
FY2022Q4,total_volume_nominal_us,1958.0,usd_billions,nominal,international,measured,primary,0001403161-23-000013/v-20221231.htm,1570913,1570918,"1,958","Total nominal volume(2),(6)",comparative,prior-year column; not a first print (DR-04)
FY2022Q4,total_volume_nominal_us,1900.0,usd_billions,nominal,international,measured,primary,0001403161-23-000013/v-20221231.htm,1570017,1570022,"1,900","Total nominal volume(2),(6)",current,
FY2022Q4,total_volume_nominal_us,1505.0,usd_billions,nominal,us,measured,primary,0001403161-23-000013/v-20221231.htm,1568716,1568721,"1,505","Total nominal volume(2),(6)",comparative,prior-year column; not a first print (DR-04)
FY2022Q4,total_volume_nominal_us,1635.0,usd_billions,nominal,us,measured,primary,0001403161-23-000013/v-20221231.htm,1567820,1567825,"1,635","Total nominal volume(2),(6)",current,
FY2023Q1,cash_volume_nominal_us,667.0,usd_billions,nominal,global,measured,primary,0001403161-23-000031/v-20230331.htm,1913514,1913517,667,Cash volume(5),comparative,prior-year column; not a first print (DR-04)
FY2023Q1,cash_volume_nominal_us,617.0,usd_billions,nominal,global,measured,primary,0001403161-23-000031/v-20230331.htm,1912991,1912994,617,Cash volume(5),current,
FY2023Q1,cash_volume_nominal_us,514.0,usd_billions,nominal,international,measured,primary,0001403161-23-000031/v-20230331.htm,1912059,1912062,514,Cash volume(5),comparative,prior-year column; not a first print (DR-04)
FY2023Q1,cash_volume_nominal_us,466.0,usd_billions,nominal,international,measured,primary,0001403161-23-000031/v-20230331.htm,1911536,1911539,466,Cash volume(5),current,
FY2023Q1,cash_volume_nominal_us,153.0,usd_billions,nominal,us,measured,primary,0001403161-23-000031/v-20230331.htm,1910604,1910607,153,Cash volume(5),comparative,prior-year column; not a first print (DR-04)
FY2023Q1,cash_volume_nominal_us,150.0,usd_billions,nominal,us,measured,primary,0001403161-23-000031/v-20230331.htm,1910081,1910084,150,Cash volume(5),current,
FY2023Q1,client_incentives,2786.0,usd_millions,gaap,global,measured,primary,0001403161-23-000010/q12023earningsrelease.htm,55292,55299,"(2,786)",Client incentives,,
FY2023Q1,cross_border_ex_intra_europe_growth_constant,31.0,percent,constant_dollar,global,measured,primary,0001403161-23-000010/q12023earningsrelease.htm,74035,74038,31%,Cross-border volume excluding intra-Europe(2),,
FY2023Q1,cross_border_ex_intra_europe_growth_nominal,22.0,percent,nominal,global,measured,primary,0001403161-23-000010/q12023earningsrelease.htm,74280,74283,22%,Cross-border volume excluding intra-Europe(2),,
FY2023Q1,cross_border_total_growth_constant,22.0,percent,constant_dollar,global,measured,primary,0001403161-23-000010/q12023earningsrelease.htm,74733,74736,22%,Cross-border volume total,,
FY2023Q1,cross_border_total_growth_nominal,11.0,percent,nominal,global,measured,primary,0001403161-23-000010/q12023earningsrelease.htm,74978,74981,11%,Cross-border volume total,,
FY2023Q1,data_processing_revenue,3827.0,usd_millions,gaap,global,measured,primary,0001403161-23-000010/q12023earningsrelease.htm,52308,52313,"3,827",Data processing revenues,,
FY2023Q1,diluted_shares,2102.0,shares_millions,gaap,global,measured,primary,0001403161-23-000010/q12023earningsrelease.htm,178037,178042,"2,102",Class A common stock,,
FY2023Q1,eps_diluted_ex_special_items,2.18,usd_per_share,ex_special_items,global,measured,primary,0001403161-23-000010/q12023earningsrelease.htm,69572,69576,2.18,Earnings per share,,
FY2023Q1,eps_diluted_gaap,1.99,usd_per_share,gaap,global,measured,primary,0001403161-23-000010/q12023earningsrelease.htm,62752,62756,1.99,Earnings per share,,
FY2023Q1,international_transaction_revenue,2797.0,usd_millions,gaap,global,measured,primary,0001403161-23-000010/q12023earningsrelease.htm,53315,53320,"2,797",International transaction revenues,,
FY2023Q1,net_interest_other,-113.0,usd_millions,gaap,global,measured,primary,0001403161-23-000010/q12023earningsrelease.htm,58848,58853,(113),Non-operating income (expense),,
FY2023Q1,net_revenue,7936.0,usd_millions,gaap,global,measured,primary,0001403161-23-000010/q12023earningsrelease.htm,56324,56329,"7,936",Net revenues,,
FY2023Q1,operating_expenses_ex_special_items,2439.0,usd_millions,ex_special_items,global,measured,primary,0001403161-23-000010/q12023earningsrelease.htm,64766,64771,"2,439",Total operating expenses,,
FY2023Q1,operating_expenses_gaap,2846.0,usd_millions,gaap,global,measured,primary,0001403161-23-000010/q12023earningsrelease.htm,57794,57799,"2,846",Total operating expenses,,
FY2023Q1,operating_profit_ex_special_items,5497.0,usd_millions,ex_special_items,global,derived,primary,0001403161-23-000010/q12023earningsrelease.htm,64766,64771,"2,439",Total operating expenses,,
FY2023Q1,operating_profit_gaap,5090.0,usd_millions,gaap,global,derived,primary,0001403161-23-000010/q12023earningsrelease.htm,56324,56329,"7,936",Net revenues,,
FY2023Q1,other_revenue,587.0,usd_millions,gaap,global,measured,primary,0001403161-23-000010/q12023earningsrelease.htm,54303,54306,587,Other revenues,,
FY2023Q1,payments_volume_growth_constant,7.0,percent,constant_dollar,global,measured,primary,0001403161-23-000010/q12023earningsrelease.htm,73140,73142,7%,Payments volume,,
FY2023Q1,payments_volume_growth_nominal,2.0,percent,nominal,global,measured,primary,0001403161-23-000010/q12023earningsrelease.htm,73384,73386,2%,Payments volume,,
FY2023Q1,payments_volume_nominal_us,2964.0,usd_billions,nominal,global,measured,primary,0001403161-23-000031/v-20230331.htm,1908767,1908772,"2,964",Total nominal payments volume(2),comparative,prior-year column; not a first print (DR-04)
FY2023Q1,payments_volume_nominal_us,3018.0,usd_billions,nominal,global,measured,primary,0001403161-23-000031/v-20230331.htm,1907961,1907966,"3,018",Total nominal payments volume(2),current,
FY2023Q1,payments_volume_nominal_us,1569.0,usd_billions,nominal,international,measured,primary,0001403161-23-000031/v-20230331.htm,1906749,1906754,"1,569",Total nominal payments volume(2),comparative,prior-year column; not a first print (DR-04)
FY2023Q1,payments_volume_nominal_us,1495.0,usd_billions,nominal,international,measured,primary,0001403161-23-000031/v-20230331.htm,1905943,1905948,"1,495",Total nominal payments volume(2),current,
FY2023Q1,payments_volume_nominal_us,1395.0,usd_billions,nominal,us,measured,primary,0001403161-23-000031/v-20230331.htm,1904732,1904737,"1,395",Total nominal payments volume(2),comparative,prior-year column; not a first print (DR-04)
FY2023Q1,payments_volume_nominal_us,1522.0,usd_billions,nominal,us,measured,primary,0001403161-23-000031/v-20230331.htm,1903926,1903931,"1,522",Total nominal payments volume(2),current,
FY2023Q1,payments_volume_prior_quarter_growth_constant,7.0,percent,constant_dollar,global,measured,primary,0001403161-23-000027/q22023earningsrelease.htm,20248,20250,7%,on which fiscal,,
FY2023Q1,processed_transactions_count,52500.0,transactions_millions,count,global,measured,primary,0001403161-23-000010/q12023earningsrelease.htm,22486,22490,52.5,three months ended,,
FY2023Q1,processed_transactions_growth,10.0,percent,count,global,measured,primary,0001403161-23-000010/q12023earningsrelease.htm,75428,75431,10%,Processed transactions,,
FY2023Q1,service_revenue,3511.0,usd_millions,gaap,global,measured,primary,0001403161-23-000010/q12023earningsrelease.htm,51310,51315,"3,511",Service revenues,,
FY2023Q1,special_item_operating_expense,-43.0,usd_millions,gaap,global,measured,primary,0001403161-23-000010/q12023earningsrelease.htm,311294,311298,(43),Amortization of acquired intangible assets,,three-month operating-expense bridge line
FY2023Q1,special_item_operating_expense,-23.0,usd_millions,gaap,global,measured,primary,0001403161-23-000010/q12023earningsrelease.htm,313501,313505,(23),Acquisition-related costs,,three-month operating-expense bridge line
FY2023Q1,special_item_operating_expense,-341.0,usd_millions,gaap,global,measured,primary,0001403161-23-000010/q12023earningsrelease.htm,315703,315708,(341),Litigation provision,,three-month operating-expense bridge line
FY2023Q1,special_items,407.0,usd_millions,gaap,global,derived,primary,0001403161-23-000010/q12023earningsrelease.htm,57794,57799,"2,846",Total operating expenses,,Net amount removed from GAAP opex
FY2023Q1,tax_rate,0.16,ratio,gaap,global,measured,primary,0001403161-23-000010/q12023earningsrelease.htm,25242,25246,16.0,effective income tax rate was,,
FY2023Q1,total_volume_nominal_us,3632.0,usd_billions,nominal,global,measured,primary,0001403161-23-000031/v-20230331.htm,1919880,1919885,"3,632","Total nominal volume(2),(6)",comparative,prior-year column; not a first print (DR-04)
FY2023Q1,total_volume_nominal_us,3634.0,usd_billions,nominal,global,measured,primary,0001403161-23-000031/v-20230331.htm,1919080,1919085,"3,634","Total nominal volume(2),(6)",current,
FY2023Q1,total_volume_nominal_us,2083.0,usd_billions,nominal,international,measured,primary,0001403161-23-000031/v-20230331.htm,1917871,1917876,"2,083","Total nominal volume(2),(6)",comparative,prior-year column; not a first print (DR-04)
FY2023Q1,total_volume_nominal_us,1962.0,usd_billions,nominal,international,measured,primary,0001403161-23-000031/v-20230331.htm,1917071,1917076,"1,962","Total nominal volume(2),(6)",current,
FY2023Q1,total_volume_nominal_us,1548.0,usd_billions,nominal,us,measured,primary,0001403161-23-000031/v-20230331.htm,1915863,1915868,"1,548","Total nominal volume(2),(6)",comparative,prior-year column; not a first print (DR-04)
FY2023Q1,total_volume_nominal_us,1673.0,usd_billions,nominal,us,measured,primary,0001403161-23-000031/v-20230331.htm,1915063,1915068,"1,673","Total nominal volume(2),(6)",current,
FY2023Q2,cash_volume_nominal_us,605.0,usd_billions,nominal,global,measured,primary,0001403161-23-000072/v-20230630.htm,1479064,1479067,605,Cash volume(5),comparative,prior-year column; not a first print (DR-04)
FY2023Q2,cash_volume_nominal_us,596.0,usd_billions,nominal,global,measured,primary,0001403161-23-000072/v-20230630.htm,1478541,1478544,596,Cash volume(5),current,
FY2023Q2,cash_volume_nominal_us,462.0,usd_billions,nominal,international,measured,primary,0001403161-23-000072/v-20230630.htm,1477609,1477612,462,Cash volume(5),comparative,prior-year column; not a first print (DR-04)
FY2023Q2,cash_volume_nominal_us,448.0,usd_billions,nominal,international,measured,primary,0001403161-23-000072/v-20230630.htm,1477086,1477089,448,Cash volume(5),current,
FY2023Q2,cash_volume_nominal_us,143.0,usd_billions,nominal,us,measured,primary,0001403161-23-000072/v-20230630.htm,1476155,1476158,143,Cash volume(5),comparative,prior-year column; not a first print (DR-04)
FY2023Q2,cash_volume_nominal_us,149.0,usd_billions,nominal,us,measured,primary,0001403161-23-000072/v-20230630.htm,1475632,1475635,149,Cash volume(5),current,
FY2023Q2,client_incentives,2905.0,usd_millions,gaap,global,measured,primary,0001403161-23-000027/q22023earningsrelease.htm,53344,53351,"(2,905)",Client incentives,,
FY2023Q2,cross_border_ex_intra_europe_growth_constant,32.0,percent,constant_dollar,global,measured,primary,0001403161-23-000027/q22023earningsrelease.htm,72090,72093,32%,Cross-border volume excluding intra-Europe(2),,
FY2023Q2,cross_border_ex_intra_europe_growth_nominal,27.0,percent,nominal,global,measured,primary,0001403161-23-000027/q22023earningsrelease.htm,72335,72338,27%,Cross-border volume excluding intra-Europe(2),,
FY2023Q2,cross_border_total_growth_constant,24.0,percent,constant_dollar,global,measured,primary,0001403161-23-000027/q22023earningsrelease.htm,72788,72791,24%,Cross-border volume total,,
FY2023Q2,cross_border_total_growth_nominal,19.0,percent,nominal,global,measured,primary,0001403161-23-000027/q22023earningsrelease.htm,73033,73036,19%,Cross-border volume total,,
FY2023Q2,data_processing_revenue,3819.0,usd_millions,gaap,global,measured,primary,0001403161-23-000027/q22023earningsrelease.htm,50359,50364,"3,819",Data processing revenues,,
FY2023Q2,diluted_shares,2093.0,shares_millions,gaap,global,measured,primary,0001403161-23-000027/q22023earningsrelease.htm,196857,196862,"2,093",Class A common stock,,
FY2023Q2,eps_diluted_ex_special_items,2.09,usd_per_share,ex_special_items,global,measured,primary,0001403161-23-000027/q22023earningsrelease.htm,67626,67630,2.09,Earnings per share,,
FY2023Q2,eps_diluted_gaap,2.03,usd_per_share,gaap,global,measured,primary,0001403161-23-000027/q22023earningsrelease.htm,60801,60805,2.03,Earnings per share,,
FY2023Q2,international_transaction_revenue,2749.0,usd_millions,gaap,global,measured,primary,0001403161-23-000027/q22023earningsrelease.htm,51367,51372,"2,749",International transaction revenues,,
FY2023Q2,net_interest_other,-58.0,usd_millions,gaap,global,measured,primary,0001403161-23-000027/q22023earningsrelease.htm,56900,56904,(58),Non-operating income (expense),,
FY2023Q2,net_revenue,7985.0,usd_millions,gaap,global,measured,primary,0001403161-23-000027/q22023earningsrelease.htm,54376,54381,"7,985",Net revenues,,
FY2023Q2,operating_expenses_ex_special_items,2581.0,usd_millions,ex_special_items,global,measured,primary,0001403161-23-000027/q22023earningsrelease.htm,62816,62821,"2,581",Total operating expenses,,
FY2023Q2,operating_expenses_gaap,2649.0,usd_millions,gaap,global,measured,primary,0001403161-23-000027/q22023earningsrelease.htm,55846,55851,"2,649",Total operating expenses,,
FY2023Q2,operating_profit_ex_special_items,5404.0,usd_millions,ex_special_items,global,derived,primary,0001403161-23-000027/q22023earningsrelease.htm,62816,62821,"2,581",Total operating expenses,,
FY2023Q2,operating_profit_gaap,5336.0,usd_millions,gaap,global,derived,primary,0001403161-23-000027/q22023earningsrelease.htm,54376,54381,"7,985",Net revenues,,
FY2023Q2,other_revenue,551.0,usd_millions,gaap,global,measured,primary,0001403161-23-000027/q22023earningsrelease.htm,52355,52358,551,Other revenues,,
FY2023Q2,payments_volume_growth_constant,10.0,percent,constant_dollar,global,measured,primary,0001403161-23-000027/q22023earningsrelease.htm,71194,71197,10%,Payments volume,,
FY2023Q2,payments_volume_growth_nominal,6.0,percent,nominal,global,measured,primary,0001403161-23-000027/q22023earningsrelease.htm,71439,71441,6%,Payments volume,,
FY2023Q2,payments_volume_nominal_us,2778.0,usd_billions,nominal,global,measured,primary,0001403161-23-000072/v-20230630.htm,1474318,1474323,"2,778",Total nominal payments volume(2),comparative,prior-year column; not a first print (DR-04)
FY2023Q2,payments_volume_nominal_us,2957.0,usd_billions,nominal,global,measured,primary,0001403161-23-000072/v-20230630.htm,1473512,1473517,"2,957",Total nominal payments volume(2),current,
FY2023Q2,payments_volume_nominal_us,1441.0,usd_billions,nominal,international,measured,primary,0001403161-23-000072/v-20230630.htm,1472301,1472306,"1,441",Total nominal payments volume(2),comparative,prior-year column; not a first print (DR-04)
FY2023Q2,payments_volume_nominal_us,1487.0,usd_billions,nominal,international,measured,primary,0001403161-23-000072/v-20230630.htm,1471495,1471500,"1,487",Total nominal payments volume(2),current,
FY2023Q2,payments_volume_nominal_us,1337.0,usd_billions,nominal,us,measured,primary,0001403161-23-000072/v-20230630.htm,1470283,1470288,"1,337",Total nominal payments volume(2),comparative,prior-year column; not a first print (DR-04)
FY2023Q2,payments_volume_nominal_us,1470.0,usd_billions,nominal,us,measured,primary,0001403161-23-000072/v-20230630.htm,1469477,1469482,"1,470",Total nominal payments volume(2),current,
FY2023Q2,payments_volume_prior_quarter_growth_constant,10.0,percent,constant_dollar,global,measured,primary,0001403161-23-000069/q32023earningsrelease.htm,20707,20710,10%,on which fiscal,,
FY2023Q2,processed_transactions_count,50100.0,transactions_millions,count,global,measured,primary,0001403161-23-000027/q22023earningsrelease.htm,21806,21810,50.1,three months ended,,
FY2023Q2,processed_transactions_growth,12.0,percent,count,global,measured,primary,0001403161-23-000027/q22023earningsrelease.htm,73483,73486,12%,Processed transactions,,
FY2023Q2,service_revenue,3771.0,usd_millions,gaap,global,measured,primary,0001403161-23-000027/q22023earningsrelease.htm,49362,49367,"3,771",Service revenues,,
FY2023Q2,special_item_operating_expense,-46.0,usd_millions,gaap,global,measured,primary,0001403161-23-000027/q22023earningsrelease.htm,325233,325237,(46),Amortization of acquired intangible assets,,three-month operating-expense bridge line
FY2023Q2,special_item_operating_expense,-22.0,usd_millions,gaap,global,measured,primary,0001403161-23-000027/q22023earningsrelease.htm,327441,327445,(22),Acquisition-related costs,,three-month operating-expense bridge line
FY2023Q2,special_items,68.0,usd_millions,gaap,global,derived,primary,0001403161-23-000027/q22023earningsrelease.htm,55846,55851,"2,649",Total operating expenses,,Net amount removed from GAAP opex
FY2023Q2,tax_rate,0.193,ratio,gaap,global,measured,primary,0001403161-23-000027/q22023earningsrelease.htm,24476,24480,19.3,effective income tax rate was,,
FY2023Q2,total_volume_nominal_us,3383.0,usd_billions,nominal,global,measured,primary,0001403161-23-000072/v-20230630.htm,1485429,1485434,"3,383","Total nominal volume(2),(6)",comparative,prior-year column; not a first print (DR-04)
FY2023Q2,total_volume_nominal_us,3553.0,usd_billions,nominal,global,measured,primary,0001403161-23-000072/v-20230630.htm,1484629,1484634,"3,553","Total nominal volume(2),(6)",current,
FY2023Q2,total_volume_nominal_us,1903.0,usd_billions,nominal,international,measured,primary,0001403161-23-000072/v-20230630.htm,1483421,1483426,"1,903","Total nominal volume(2),(6)",comparative,prior-year column; not a first print (DR-04)
FY2023Q2,total_volume_nominal_us,1934.0,usd_billions,nominal,international,measured,primary,0001403161-23-000072/v-20230630.htm,1482621,1482626,"1,934","Total nominal volume(2),(6)",current,
FY2023Q2,total_volume_nominal_us,1480.0,usd_billions,nominal,us,measured,primary,0001403161-23-000072/v-20230630.htm,1481413,1481418,"1,480","Total nominal volume(2),(6)",comparative,prior-year column; not a first print (DR-04)
FY2023Q2,total_volume_nominal_us,1619.0,usd_billions,nominal,us,measured,primary,0001403161-23-000072/v-20230630.htm,1480613,1480618,"1,619","Total nominal volume(2),(6)",current,
FY2023Q3,client_incentives,3167.0,usd_millions,gaap,global,measured,primary,0001403161-23-000069/q32023earningsrelease.htm,54418,54425,"(3,167)",Client incentives,,
FY2023Q3,cross_border_ex_intra_europe_growth_constant,22.0,percent,constant_dollar,global,measured,primary,0001403161-23-000069/q32023earningsrelease.htm,73168,73171,22%,Cross-border volume excluding intra-Europe(2),,
FY2023Q3,cross_border_ex_intra_europe_growth_nominal,22.0,percent,nominal,global,measured,primary,0001403161-23-000069/q32023earningsrelease.htm,73413,73416,22%,Cross-border volume excluding intra-Europe(2),,
FY2023Q3,cross_border_total_growth_constant,17.0,percent,constant_dollar,global,measured,primary,0001403161-23-000069/q32023earningsrelease.htm,73866,73869,17%,Cross-border volume total,,
FY2023Q3,cross_border_total_growth_nominal,18.0,percent,nominal,global,measured,primary,0001403161-23-000069/q32023earningsrelease.htm,74111,74114,18%,Cross-border volume total,,
FY2023Q3,data_processing_revenue,4105.0,usd_millions,gaap,global,measured,primary,0001403161-23-000069/q32023earningsrelease.htm,51433,51438,"4,105",Data processing revenues,,
FY2023Q3,diluted_shares,2080.0,shares_millions,gaap,global,measured,primary,0001403161-23-000069/q32023earningsrelease.htm,198042,198047,"2,080",Class A common stock,,
FY2023Q3,eps_diluted_ex_special_items,2.16,usd_per_share,ex_special_items,global,measured,primary,0001403161-23-000069/q32023earningsrelease.htm,68706,68710,2.16,Earnings per share,,
FY2023Q3,eps_diluted_gaap,2.0,usd_per_share,gaap,global,measured,primary,0001403161-23-000069/q32023earningsrelease.htm,61882,61886,2.00,Earnings per share,,
FY2023Q3,international_transaction_revenue,2920.0,usd_millions,gaap,global,measured,primary,0001403161-23-000069/q32023earningsrelease.htm,52441,52446,"2,920",International transaction revenues,,
FY2023Q3,net_interest_other,122.0,usd_millions,gaap,global,measured,primary,0001403161-23-000069/q32023earningsrelease.htm,57975,57978,122,Non-operating income (expense),,
FY2023Q3,net_revenue,8123.0,usd_millions,gaap,global,measured,primary,0001403161-23-000069/q32023earningsrelease.htm,55450,55455,"8,123",Net revenues,,
FY2023Q3,operating_expenses_ex_special_items,2578.0,usd_millions,ex_special_items,global,measured,primary,0001403161-23-000069/q32023earningsrelease.htm,63897,63902,"2,578",Total operating expenses,,
FY2023Q3,operating_expenses_gaap,3099.0,usd_millions,gaap,global,measured,primary,0001403161-23-000069/q32023earningsrelease.htm,56920,56925,"3,099",Total operating expenses,,
FY2023Q3,operating_profit_ex_special_items,5545.0,usd_millions,ex_special_items,global,derived,primary,0001403161-23-000069/q32023earningsrelease.htm,63897,63902,"2,578",Total operating expenses,,
FY2023Q3,operating_profit_gaap,5024.0,usd_millions,gaap,global,derived,primary,0001403161-23-000069/q32023earningsrelease.htm,55450,55455,"8,123",Net revenues,,
FY2023Q3,other_revenue,597.0,usd_millions,gaap,global,measured,primary,0001403161-23-000069/q32023earningsrelease.htm,53429,53432,597,Other revenues,,
FY2023Q3,payments_volume_growth_constant,9.0,percent,constant_dollar,global,measured,primary,0001403161-23-000069/q32023earningsrelease.htm,72273,72275,9%,Payments volume,,
FY2023Q3,payments_volume_growth_nominal,8.0,percent,nominal,global,measured,primary,0001403161-23-000069/q32023earningsrelease.htm,72517,72519,8%,Payments volume,,
FY2023Q3,payments_volume_prior_quarter_growth_constant,9.0,percent,constant_dollar,global,measured,primary,0001403161-23-000092/q42023earningsrelease.htm,27758,27760,9%,on which fiscal,,
FY2023Q3,processed_transactions_count,54000.0,transactions_millions,count,global,measured,primary,0001403161-23-000069/q32023earningsrelease.htm,22262,22266,54.0,three months ended,,
FY2023Q3,processed_transactions_growth,10.0,percent,count,global,measured,primary,0001403161-23-000069/q32023earningsrelease.htm,74561,74564,10%,Processed transactions,,
FY2023Q3,service_revenue,3668.0,usd_millions,gaap,global,measured,primary,0001403161-23-000069/q32023earningsrelease.htm,50435,50440,"3,668",Service revenues,,
FY2023Q3,special_item_operating_expense,-41.0,usd_millions,gaap,global,measured,primary,0001403161-23-000069/q32023earningsrelease.htm,329536,329540,(41),Amortization of acquired intangible assets,,three-month operating-expense bridge line
FY2023Q3,special_item_operating_expense,-24.0,usd_millions,gaap,global,measured,primary,0001403161-23-000069/q32023earningsrelease.htm,331743,331747,(24),Acquisition-related costs,,three-month operating-expense bridge line
FY2023Q3,special_item_operating_expense,-456.0,usd_millions,gaap,global,measured,primary,0001403161-23-000069/q32023earningsrelease.htm,333945,333950,(456),Litigation provision,,three-month operating-expense bridge line
FY2023Q3,special_items,521.0,usd_millions,gaap,global,derived,primary,0001403161-23-000069/q32023earningsrelease.htm,56920,56925,"3,099",Total operating expenses,,Net amount removed from GAAP opex
FY2023Q3,tax_rate,0.192,ratio,gaap,global,measured,primary,0001403161-23-000069/q32023earningsrelease.htm,25019,25023,19.2,effective income tax rate was,,
FY2023Q4,cash_volume_nominal_us,607.0,usd_billions,nominal,global,measured,primary,0001403161-24-000016/v-20231231.htm,1195155,1195158,607,Cash volume(5),comparative,prior-year column; not a first print (DR-04)
FY2023Q4,cash_volume_nominal_us,629.0,usd_billions,nominal,global,measured,primary,0001403161-24-000016/v-20231231.htm,1194632,1194635,629,Cash volume(5),current,
FY2023Q4,cash_volume_nominal_us,451.0,usd_billions,nominal,international,measured,primary,0001403161-24-000016/v-20231231.htm,1193701,1193704,451,Cash volume(5),comparative,prior-year column; not a first print (DR-04)
FY2023Q4,cash_volume_nominal_us,474.0,usd_billions,nominal,international,measured,primary,0001403161-24-000016/v-20231231.htm,1193178,1193181,474,Cash volume(5),current,
FY2023Q4,cash_volume_nominal_us,155.0,usd_billions,nominal,us,measured,primary,0001403161-24-000016/v-20231231.htm,1192246,1192249,155,Cash volume(5),comparative,prior-year column; not a first print (DR-04)
FY2023Q4,cash_volume_nominal_us,155.0,usd_billions,nominal,us,measured,primary,0001403161-24-000016/v-20231231.htm,1191723,1191726,155,Cash volume(5),current,
FY2023Q4,client_incentives,3439.0,usd_millions,gaap,global,measured,primary,0001403161-23-000092/q42023earningsrelease.htm,96975,96982,"(3,439)",Client incentives,,
FY2023Q4,cross_border_ex_intra_europe_growth_constant,18.0,percent,constant_dollar,global,measured,primary,0001403161-23-000092/q42023earningsrelease.htm,130587,130590,18%,Cross-border volume excluding intra-Europe(2),,
FY2023Q4,cross_border_ex_intra_europe_growth_nominal,21.0,percent,nominal,global,measured,primary,0001403161-23-000092/q42023earningsrelease.htm,130832,130835,21%,Cross-border volume excluding intra-Europe(2),,
FY2023Q4,cross_border_total_growth_constant,16.0,percent,constant_dollar,global,measured,primary,0001403161-23-000092/q42023earningsrelease.htm,131775,131778,16%,Cross-border volume total,,
FY2023Q4,cross_border_total_growth_nominal,21.0,percent,nominal,global,measured,primary,0001403161-23-000092/q42023earningsrelease.htm,132020,132023,21%,Cross-border volume total,,
FY2023Q4,data_processing_revenue,4256.0,usd_millions,gaap,global,measured,primary,0001403161-23-000092/q42023earningsrelease.htm,91639,91644,"4,256",Data processing revenues,,
FY2023Q4,diluted_shares,2065.0,shares_millions,gaap,global,measured,primary,0001403161-23-000092/q42023earningsrelease.htm,257544,257549,"2,065",Class A common stock,,
FY2023Q4,eps_diluted_ex_special_items,2.33,usd_per_share,ex_special_items,global,measured,primary,0001403161-23-000092/q42023earningsrelease.htm,122399,122403,2.33,Earnings per share,,
FY2023Q4,eps_diluted_gaap,2.27,usd_per_share,gaap,global,measured,primary,0001403161-23-000092/q42023earningsrelease.htm,110262,110266,2.27,Earnings per share,,
FY2023Q4,international_transaction_revenue,3172.0,usd_millions,gaap,global,measured,primary,0001403161-23-000092/q42023earningsrelease.htm,93431,93436,"3,172",International transaction revenues,,
FY2023Q4,net_interest_other,86.0,usd_millions,gaap,global,measured,primary,0001403161-23-000092/q42023earningsrelease.htm,103348,103350,86,Non-operating income (expense),,
FY2023Q4,net_revenue,8609.0,usd_millions,gaap,global,measured,primary,0001403161-23-000092/q42023earningsrelease.htm,98787,98792,"8,609",Net revenues,,
FY2023Q4,operating_expenses_ex_special_items,2883.0,usd_millions,ex_special_items,global,measured,primary,0001403161-23-000092/q42023earningsrelease.htm,113725,113730,"2,883",Total operating expenses,,
FY2023Q4,operating_expenses_gaap,3059.0,usd_millions,gaap,global,measured,primary,0001403161-23-000092/q42023earningsrelease.htm,101338,101343,"3,059",Total operating expenses,,
FY2023Q4,operating_profit_ex_special_items,5726.0,usd_millions,ex_special_items,global,derived,primary,0001403161-23-000092/q42023earningsrelease.htm,113725,113730,"2,883",Total operating expenses,,
FY2023Q4,operating_profit_gaap,5550.0,usd_millions,gaap,global,derived,primary,0001403161-23-000092/q42023earningsrelease.htm,98787,98792,"8,609",Net revenues,,
FY2023Q4,other_revenue,744.0,usd_millions,gaap,global,measured,primary,0001403161-23-000092/q42023earningsrelease.htm,95203,95206,744,Other revenues,,
FY2023Q4,payments_volume_growth_constant,9.0,percent,constant_dollar,global,measured,primary,0001403161-23-000092/q42023earningsrelease.htm,129204,129206,9%,Payments volume,,
FY2023Q4,payments_volume_growth_nominal,9.0,percent,nominal,global,measured,primary,0001403161-23-000092/q42023earningsrelease.htm,129448,129450,9%,Payments volume,,
FY2023Q4,payments_volume_nominal_us,2932.0,usd_billions,nominal,global,measured,primary,0001403161-24-000016/v-20231231.htm,1190409,1190414,"2,932",Total nominal payments volume(2),comparative,prior-year column; not a first print (DR-04)
FY2023Q4,payments_volume_nominal_us,3198.0,usd_billions,nominal,global,measured,primary,0001403161-24-000016/v-20231231.htm,1189603,1189608,"3,198",Total nominal payments volume(2),current,
FY2023Q4,payments_volume_nominal_us,1452.0,usd_billions,nominal,international,measured,primary,0001403161-24-000016/v-20231231.htm,1188391,1188396,"1,452",Total nominal payments volume(2),comparative,prior-year column; not a first print (DR-04)
FY2023Q4,payments_volume_nominal_us,1629.0,usd_billions,nominal,international,measured,primary,0001403161-24-000016/v-20231231.htm,1187585,1187590,"1,629",Total nominal payments volume(2),current,
FY2023Q4,payments_volume_nominal_us,1479.0,usd_billions,nominal,us,measured,primary,0001403161-24-000016/v-20231231.htm,1186374,1186379,"1,479",Total nominal payments volume(2),comparative,prior-year column; not a first print (DR-04)
FY2023Q4,payments_volume_nominal_us,1569.0,usd_billions,nominal,us,measured,primary,0001403161-24-000016/v-20231231.htm,1185568,1185573,"1,569",Total nominal payments volume(2),current,
FY2023Q4,payments_volume_prior_quarter_growth_constant,9.0,percent,constant_dollar,global,measured,primary,0001403161-24-000013/q12024earningsrelease.htm,20412,20414,9%,on which fiscal,,
FY2023Q4,processed_transactions_count,56000.0,transactions_millions,count,global,measured,primary,0001403161-23-000092/q42023earningsrelease.htm,29346,29350,56.0,three months ended,,
FY2023Q4,processed_transactions_growth,10.0,percent,count,global,measured,primary,0001403161-23-000092/q42023earningsrelease.htm,132960,132963,10%,Processed transactions,,
FY2023Q4,service_revenue,3876.0,usd_millions,gaap,global,measured,primary,0001403161-23-000092/q42023earningsrelease.htm,89685,89690,"3,876",Service revenues,,
FY2023Q4,special_item_operating_expense,-46.0,usd_millions,gaap,global,measured,primary,0001403161-23-000092/q42023earningsrelease.htm,384393,384397,(46),Amortization of acquired intangible assets,,three-month operating-expense bridge line
FY2023Q4,special_item_operating_expense,-21.0,usd_millions,gaap,global,measured,primary,0001403161-23-000092/q42023earningsrelease.htm,386601,386605,(21),Acquisition-related costs,,three-month operating-expense bridge line
FY2023Q4,special_item_operating_expense,-109.0,usd_millions,gaap,global,measured,primary,0001403161-23-000092/q42023earningsrelease.htm,388803,388808,(109),Litigation provision,,three-month operating-expense bridge line
FY2023Q4,special_items,176.0,usd_millions,gaap,global,derived,primary,0001403161-23-000092/q42023earningsrelease.htm,101338,101343,"3,059",Total operating expenses,,Net amount removed from GAAP opex
FY2023Q4,tax_rate,0.169,ratio,gaap,global,measured,primary,0001403161-23-000092/q42023earningsrelease.htm,32021,32025,16.9,effective income tax rate was,,
FY2023Q4,total_volume_nominal_us,3538.0,usd_billions,nominal,global,measured,primary,0001403161-24-000016/v-20231231.htm,1202054,1202059,"3,538","Total nominal volume(2),(6)",comparative,prior-year column; not a first print (DR-04)
FY2023Q4,total_volume_nominal_us,3827.0,usd_billions,nominal,global,measured,primary,0001403161-24-000016/v-20231231.htm,1201158,1201163,"3,827","Total nominal volume(2),(6)",current,
FY2023Q4,total_volume_nominal_us,1904.0,usd_billions,nominal,international,measured,primary,0001403161-24-000016/v-20231231.htm,1199856,1199861,"1,904","Total nominal volume(2),(6)",comparative,prior-year column; not a first print (DR-04)
FY2023Q4,total_volume_nominal_us,2103.0,usd_billions,nominal,international,measured,primary,0001403161-24-000016/v-20231231.htm,1198960,1198965,"2,103","Total nominal volume(2),(6)",current,
FY2023Q4,total_volume_nominal_us,1635.0,usd_billions,nominal,us,measured,primary,0001403161-24-000016/v-20231231.htm,1197659,1197664,"1,635","Total nominal volume(2),(6)",comparative,prior-year column; not a first print (DR-04)
FY2023Q4,total_volume_nominal_us,1724.0,usd_billions,nominal,us,measured,primary,0001403161-24-000016/v-20231231.htm,1196763,1196768,"1,724","Total nominal volume(2),(6)",current,
FY2024Q1,cash_volume_nominal_us,617.0,usd_billions,nominal,global,measured,primary,0001403161-24-000030/v-20240331.htm,1452843,1452846,617,Cash volume(5),comparative,prior-year column; not a first print (DR-04)
FY2024Q1,cash_volume_nominal_us,634.0,usd_billions,nominal,global,measured,primary,0001403161-24-000030/v-20240331.htm,1452328,1452331,634,Cash volume(5),current,
FY2024Q1,cash_volume_nominal_us,466.0,usd_billions,nominal,international,measured,primary,0001403161-24-000030/v-20240331.htm,1451410,1451413,466,Cash volume(5),comparative,prior-year column; not a first print (DR-04)
FY2024Q1,cash_volume_nominal_us,484.0,usd_billions,nominal,international,measured,primary,0001403161-24-000030/v-20240331.htm,1450895,1450898,484,Cash volume(5),current,
FY2024Q1,cash_volume_nominal_us,151.0,usd_billions,nominal,us,measured,primary,0001403161-24-000030/v-20240331.htm,1449975,1449978,151,Cash volume(5),comparative,prior-year column; not a first print (DR-04)
FY2024Q1,cash_volume_nominal_us,150.0,usd_billions,nominal,us,measured,primary,0001403161-24-000030/v-20240331.htm,1449460,1449463,150,Cash volume(5),current,
FY2024Q1,client_incentives,3348.0,usd_millions,gaap,global,measured,primary,0001403161-24-000013/q12024earningsrelease.htm,58198,58205,"(3,348)",Client incentives,,
FY2024Q1,cross_border_ex_intra_europe_growth_constant,16.0,percent,constant_dollar,global,measured,primary,0001403161-24-000013/q12024earningsrelease.htm,77259,77262,16%,Cross-border volume excluding intra-Europe(2),,
FY2024Q1,cross_border_ex_intra_europe_growth_nominal,18.0,percent,nominal,global,measured,primary,0001403161-24-000013/q12024earningsrelease.htm,77504,77507,18%,Cross-border volume excluding intra-Europe(2),,
FY2024Q1,cross_border_total_growth_constant,16.0,percent,constant_dollar,global,measured,primary,0001403161-24-000013/q12024earningsrelease.htm,77957,77960,16%,Cross-border volume total,,
FY2024Q1,cross_border_total_growth_nominal,20.0,percent,nominal,global,measured,primary,0001403161-24-000013/q12024earningsrelease.htm,78202,78205,20%,Cross-border volume total,,
FY2024Q1,data_processing_revenue,4356.0,usd_millions,gaap,global,measured,primary,0001403161-24-000013/q12024earningsrelease.htm,55214,55219,"4,356",Data processing revenues,,
FY2024Q1,diluted_shares,2045.0,shares_millions,gaap,global,measured,primary,0001403161-24-000013/q12024earningsrelease.htm,180494,180499,"2,045",Class A common stock,,
FY2024Q1,eps_diluted_ex_special_items,2.41,usd_per_share,ex_special_items,global,measured,primary,0001403161-24-000013/q12024earningsrelease.htm,72473,72477,2.41,Earnings per share,,
FY2024Q1,eps_diluted_gaap,2.39,usd_per_share,gaap,global,measured,primary,0001403161-24-000013/q12024earningsrelease.htm,65857,65861,2.39,Earnings per share,,
FY2024Q1,international_transaction_revenue,3019.0,usd_millions,gaap,global,measured,primary,0001403161-24-000013/q12024earningsrelease.htm,56222,56227,"3,019",International transaction revenues,,
FY2024Q1,net_interest_other,88.0,usd_millions,gaap,global,measured,primary,0001403161-24-000013/q12024earningsrelease.htm,61951,61953,88,Non-operating income (expense),,
FY2024Q1,net_revenue,8634.0,usd_millions,gaap,global,measured,primary,0001403161-24-000013/q12024earningsrelease.htm,59427,59432,"8,634",Net revenues,,
FY2024Q1,operating_expenses_ex_special_items,2619.0,usd_millions,ex_special_items,global,measured,primary,0001403161-24-000013/q12024earningsrelease.htm,67872,67877,"2,619",Total operating expenses,,
FY2024Q1,operating_expenses_gaap,2680.0,usd_millions,gaap,global,measured,primary,0001403161-24-000013/q12024earningsrelease.htm,60896,60901,"2,680",Total operating expenses,,
FY2024Q1,operating_profit_ex_special_items,6015.0,usd_millions,ex_special_items,global,derived,primary,0001403161-24-000013/q12024earningsrelease.htm,67872,67877,"2,619",Total operating expenses,,
FY2024Q1,operating_profit_gaap,5954.0,usd_millions,gaap,global,derived,primary,0001403161-24-000013/q12024earningsrelease.htm,59427,59432,"8,634",Net revenues,,
FY2024Q1,other_revenue,692.0,usd_millions,gaap,global,measured,primary,0001403161-24-000013/q12024earningsrelease.htm,57209,57212,692,Other revenues,,
FY2024Q1,payments_volume_growth_constant,8.0,percent,constant_dollar,global,measured,primary,0001403161-24-000013/q12024earningsrelease.htm,76364,76366,8%,Payments volume,,
FY2024Q1,payments_volume_growth_nominal,9.0,percent,nominal,global,measured,primary,0001403161-24-000013/q12024earningsrelease.htm,76608,76610,9%,Payments volume,,
FY2024Q1,payments_volume_nominal_us,3020.0,usd_billions,nominal,global,measured,primary,0001403161-24-000030/v-20240331.htm,1448155,1448160,"3,020",Total nominal payments volume(2),comparative,prior-year column; not a first print (DR-04)
FY2024Q1,payments_volume_nominal_us,3280.0,usd_billions,nominal,global,measured,primary,0001403161-24-000030/v-20240331.htm,1447357,1447362,"3,280",Total nominal payments volume(2),current,
FY2024Q1,payments_volume_nominal_us,1498.0,usd_billions,nominal,international,measured,primary,0001403161-24-000030/v-20240331.htm,1446158,1446163,"1,498",Total nominal payments volume(2),comparative,prior-year column; not a first print (DR-04)
FY2024Q1,payments_volume_nominal_us,1677.0,usd_billions,nominal,international,measured,primary,0001403161-24-000030/v-20240331.htm,1445360,1445365,"1,677",Total nominal payments volume(2),current,
FY2024Q1,payments_volume_nominal_us,1522.0,usd_billions,nominal,us,measured,primary,0001403161-24-000030/v-20240331.htm,1444162,1444167,"1,522",Total nominal payments volume(2),comparative,prior-year column; not a first print (DR-04)
FY2024Q1,payments_volume_nominal_us,1603.0,usd_billions,nominal,us,measured,primary,0001403161-24-000030/v-20240331.htm,1443364,1443369,"1,603",Total nominal payments volume(2),current,
FY2024Q1,payments_volume_prior_quarter_growth_constant,8.0,percent,constant_dollar,global,measured,primary,0001403161-24-000027/q22024earningsrelease.htm,20618,20620,8%,on which fiscal,,
FY2024Q1,processed_transactions_count,57500.0,transactions_millions,count,global,measured,primary,0001403161-24-000013/q12024earningsrelease.htm,21978,21982,57.5,three months ended,,
FY2024Q1,processed_transactions_growth,9.0,percent,count,global,measured,primary,0001403161-24-000013/q12024earningsrelease.htm,78652,78654,9%,Processed transactions,,
FY2024Q1,service_revenue,3915.0,usd_millions,gaap,global,measured,primary,0001403161-24-000013/q12024earningsrelease.htm,54216,54221,"3,915",Service revenues,,
FY2024Q1,special_item_operating_expense,-40.0,usd_millions,gaap,global,measured,primary,0001403161-24-000013/q12024earningsrelease.htm,306873,306877,(40),Amortization of acquired intangible assets,,three-month operating-expense bridge line
FY2024Q1,special_item_operating_expense,-21.0,usd_millions,gaap,global,measured,primary,0001403161-24-000013/q12024earningsrelease.htm,309080,309084,(21),Acquisition-related costs,,three-month operating-expense bridge line
FY2024Q1,special_items,61.0,usd_millions,gaap,global,derived,primary,0001403161-24-000013/q12024earningsrelease.htm,60896,60901,"2,680",Total operating expenses,,Net amount removed from GAAP opex
FY2024Q1,tax_rate,0.191,ratio,gaap,global,measured,primary,0001403161-24-000013/q12024earningsrelease.htm,24716,24720,19.1,effective income tax rate was,,
FY2024Q1,total_volume_nominal_us,3637.0,usd_billions,nominal,global,measured,primary,0001403161-24-000030/v-20240331.htm,1459149,1459154,"3,637","Total nominal volume(2),(6)",comparative,prior-year column; not a first print (DR-04)
FY2024Q1,total_volume_nominal_us,3914.0,usd_billions,nominal,global,measured,primary,0001403161-24-000030/v-20240331.htm,1458357,1458362,"3,914","Total nominal volume(2),(6)",current,
FY2024Q1,total_volume_nominal_us,1965.0,usd_billions,nominal,international,measured,primary,0001403161-24-000030/v-20240331.htm,1457161,1457166,"1,965","Total nominal volume(2),(6)",comparative,prior-year column; not a first print (DR-04)
FY2024Q1,total_volume_nominal_us,2161.0,usd_billions,nominal,international,measured,primary,0001403161-24-000030/v-20240331.htm,1456369,1456374,"2,161","Total nominal volume(2),(6)",current,
FY2024Q1,total_volume_nominal_us,1673.0,usd_billions,nominal,us,measured,primary,0001403161-24-000030/v-20240331.htm,1455174,1455179,"1,673","Total nominal volume(2),(6)",comparative,prior-year column; not a first print (DR-04)
FY2024Q1,total_volume_nominal_us,1752.0,usd_billions,nominal,us,measured,primary,0001403161-24-000030/v-20240331.htm,1454382,1454387,"1,752","Total nominal volume(2),(6)",current,
FY2024Q2,cash_volume_nominal_us,597.0,usd_billions,nominal,global,measured,primary,0001403161-24-000041/v-20240630.htm,1521046,1521049,597,Cash volume(5),comparative,prior-year column; not a first print (DR-04)
FY2024Q2,cash_volume_nominal_us,608.0,usd_billions,nominal,global,measured,primary,0001403161-24-000041/v-20240630.htm,1520531,1520534,608,Cash volume(5),current,
FY2024Q2,cash_volume_nominal_us,448.0,usd_billions,nominal,international,measured,primary,0001403161-24-000041/v-20240630.htm,1519613,1519616,448,Cash volume(5),comparative,prior-year column; not a first print (DR-04)
FY2024Q2,cash_volume_nominal_us,460.0,usd_billions,nominal,international,measured,primary,0001403161-24-000041/v-20240630.htm,1519098,1519101,460,Cash volume(5),current,
FY2024Q2,cash_volume_nominal_us,148.0,usd_billions,nominal,us,measured,primary,0001403161-24-000041/v-20240630.htm,1518174,1518177,148,Cash volume(5),comparative,prior-year column; not a first print (DR-04)
FY2024Q2,cash_volume_nominal_us,148.0,usd_billions,nominal,us,measured,primary,0001403161-24-000041/v-20240630.htm,1517659,1517662,148,Cash volume(5),current,
FY2024Q2,client_incentives,3257.0,usd_millions,gaap,global,measured,primary,0001403161-24-000027/q22024earningsrelease.htm,58780,58787,"(3,257)",Client incentives,,
FY2024Q2,cross_border_ex_intra_europe_growth_constant,16.0,percent,constant_dollar,global,measured,primary,0001403161-24-000027/q22024earningsrelease.htm,78053,78056,16%,Cross-border volume excluding intra-Europe(2),,
FY2024Q2,cross_border_ex_intra_europe_growth_nominal,16.0,percent,nominal,global,measured,primary,0001403161-24-000027/q22024earningsrelease.htm,78298,78301,16%,Cross-border volume excluding intra-Europe(2),,
FY2024Q2,cross_border_total_growth_constant,16.0,percent,constant_dollar,global,measured,primary,0001403161-24-000027/q22024earningsrelease.htm,78751,78754,16%,Cross-border volume total,,
FY2024Q2,cross_border_total_growth_nominal,17.0,percent,nominal,global,measured,primary,0001403161-24-000027/q22024earningsrelease.htm,78996,78999,17%,Cross-border volume total,,
FY2024Q2,data_processing_revenue,4259.0,usd_millions,gaap,global,measured,primary,0001403161-24-000027/q22024earningsrelease.htm,55798,55803,"4,259",Data processing revenue,,
FY2024Q2,diluted_shares,2039.0,shares_millions,gaap,global,measured,primary,0001403161-24-000027/q22024earningsrelease.htm,204536,204541,"2,039",Class A common stock,,
FY2024Q2,eps_diluted_ex_special_items,2.51,usd_per_share,ex_special_items,global,measured,primary,0001403161-24-000027/q22024earningsrelease.htm,73267,73271,2.51,Earnings per share,,
FY2024Q2,eps_diluted_gaap,2.29,usd_per_share,gaap,global,measured,primary,0001403161-24-000027/q22024earningsrelease.htm,66441,66445,2.29,Earnings per share,,
FY2024Q2,international_transaction_revenue,2984.0,usd_millions,gaap,global,measured,primary,0001403161-24-000027/q22024earningsrelease.htm,56805,56810,"2,984",International transaction revenue,,
FY2024Q2,net_interest_other,159.0,usd_millions,gaap,global,measured,primary,0001403161-24-000027/q22024earningsrelease.htm,62532,62535,159,Non-operating income (expense),,
FY2024Q2,net_revenue,8775.0,usd_millions,gaap,global,measured,primary,0001403161-24-000027/q22024earningsrelease.htm,60008,60013,"8,775",Net revenue,,
FY2024Q2,operating_expenses_ex_special_items,2871.0,usd_millions,ex_special_items,global,measured,primary,0001403161-24-000027/q22024earningsrelease.htm,68456,68461,"2,871",Total operating expenses,,
FY2024Q2,operating_expenses_gaap,3421.0,usd_millions,gaap,global,measured,primary,0001403161-24-000027/q22024earningsrelease.htm,61478,61483,"3,421",Total operating expenses,,
FY2024Q2,operating_profit_ex_special_items,5904.0,usd_millions,ex_special_items,global,derived,primary,0001403161-24-000027/q22024earningsrelease.htm,68456,68461,"2,871",Total operating expenses,,
FY2024Q2,operating_profit_gaap,5354.0,usd_millions,gaap,global,derived,primary,0001403161-24-000027/q22024earningsrelease.htm,60008,60013,"8,775",Net revenue,,
FY2024Q2,other_revenue,756.0,usd_millions,gaap,global,measured,primary,0001403161-24-000027/q22024earningsrelease.htm,57791,57794,756,Other revenue,,
FY2024Q2,payments_volume_growth_constant,8.0,percent,constant_dollar,global,measured,primary,0001403161-24-000027/q22024earningsrelease.htm,77158,77160,8%,Payments volume,,
FY2024Q2,payments_volume_growth_nominal,7.0,percent,nominal,global,measured,primary,0001403161-24-000027/q22024earningsrelease.htm,77402,77404,7%,Payments volume,,
FY2024Q2,payments_volume_nominal_us,2963.0,usd_billions,nominal,global,measured,primary,0001403161-24-000041/v-20240630.htm,1516354,1516359,"2,963",Total nominal payments volume(2),comparative,prior-year column; not a first print (DR-04)
FY2024Q2,payments_volume_nominal_us,3172.0,usd_billions,nominal,global,measured,primary,0001403161-24-000041/v-20240630.htm,1515556,1515561,"3,172",Total nominal payments volume(2),current,
FY2024Q2,payments_volume_nominal_us,1493.0,usd_billions,nominal,international,measured,primary,0001403161-24-000041/v-20240630.htm,1514358,1514363,"1,493",Total nominal payments volume(2),comparative,prior-year column; not a first print (DR-04)
FY2024Q2,payments_volume_nominal_us,1611.0,usd_billions,nominal,international,measured,primary,0001403161-24-000041/v-20240630.htm,1513560,1513565,"1,611",Total nominal payments volume(2),current,
FY2024Q2,payments_volume_nominal_us,1471.0,usd_billions,nominal,us,measured,primary,0001403161-24-000041/v-20240630.htm,1512362,1512367,"1,471",Total nominal payments volume(2),comparative,prior-year column; not a first print (DR-04)
FY2024Q2,payments_volume_nominal_us,1561.0,usd_billions,nominal,us,measured,primary,0001403161-24-000041/v-20240630.htm,1511564,1511569,"1,561",Total nominal payments volume(2),current,
FY2024Q2,payments_volume_prior_quarter_growth_constant,8.0,percent,constant_dollar,global,measured,primary,0001403161-24-000040/q32024earningsrelease.htm,20619,20621,8%,on which fiscal,,
FY2024Q2,processed_transactions_count,55500.0,transactions_millions,count,global,measured,primary,0001403161-24-000027/q22024earningsrelease.htm,22174,22178,55.5,three months ended,,
FY2024Q2,processed_transactions_growth,11.0,percent,count,global,measured,primary,0001403161-24-000027/q22024earningsrelease.htm,79446,79449,11%,Processed transactions,,
FY2024Q2,service_revenue,4033.0,usd_millions,gaap,global,measured,primary,0001403161-24-000027/q22024earningsrelease.htm,54802,54807,"4,033",Service revenue,,
FY2024Q2,special_item_operating_expense,-43.0,usd_millions,gaap,global,measured,primary,0001403161-24-000027/q22024earningsrelease.htm,335141,335145,(43),Amortization of acquired intangible assets,,three-month operating-expense bridge line
FY2024Q2,special_item_operating_expense,-26.0,usd_millions,gaap,global,measured,primary,0001403161-24-000027/q22024earningsrelease.htm,337349,337353,(26),Acquisition-related costs,,three-month operating-expense bridge line
FY2024Q2,special_item_operating_expense,-424.0,usd_millions,gaap,global,measured,primary,0001403161-24-000027/q22024earningsrelease.htm,339551,339556,(424),Litigation provision,,three-month operating-expense bridge line
FY2024Q2,special_item_operating_expense,-57.0,usd_millions,gaap,global,measured,primary,0001403161-24-000027/q22024earningsrelease.htm,342526,342530,(57),Lease consolidation costs,,three-month operating-expense bridge line
FY2024Q2,special_items,550.0,usd_millions,gaap,global,derived,primary,0001403161-24-000027/q22024earningsrelease.htm,61478,61483,"3,421",Total operating expenses,,Net amount removed from GAAP opex
FY2024Q2,tax_rate,0.154,ratio,gaap,global,measured,primary,0001403161-24-000027/q22024earningsrelease.htm,24875,24879,15.4,effective income tax rate was,,
FY2024Q2,total_volume_nominal_us,3560.0,usd_billions,nominal,global,measured,primary,0001403161-24-000041/v-20240630.htm,1527351,1527356,"3,560","Total nominal volume(2),(6)",comparative,prior-year column; not a first print (DR-04)
FY2024Q2,total_volume_nominal_us,3780.0,usd_billions,nominal,global,measured,primary,0001403161-24-000041/v-20240630.htm,1526559,1526564,"3,780","Total nominal volume(2),(6)",current,
FY2024Q2,total_volume_nominal_us,1941.0,usd_billions,nominal,international,measured,primary,0001403161-24-000041/v-20240630.htm,1525364,1525369,"1,941","Total nominal volume(2),(6)",comparative,prior-year column; not a first print (DR-04)
FY2024Q2,total_volume_nominal_us,2071.0,usd_billions,nominal,international,measured,primary,0001403161-24-000041/v-20240630.htm,1524572,1524577,"2,071","Total nominal volume(2),(6)",current,
FY2024Q2,total_volume_nominal_us,1619.0,usd_billions,nominal,us,measured,primary,0001403161-24-000041/v-20240630.htm,1523377,1523382,"1,619","Total nominal volume(2),(6)",comparative,prior-year column; not a first print (DR-04)
FY2024Q2,total_volume_nominal_us,1709.0,usd_billions,nominal,us,measured,primary,0001403161-24-000041/v-20240630.htm,1522585,1522590,"1,709","Total nominal volume(2),(6)",current,
FY2024Q3,client_incentives,3530.0,usd_millions,gaap,global,measured,primary,0001403161-24-000040/q32024earningsrelease.htm,58265,58272,"(3,530)",Client incentives,,
FY2024Q3,cross_border_ex_intra_europe_growth_constant,14.0,percent,constant_dollar,global,measured,primary,0001403161-24-000040/q32024earningsrelease.htm,77362,77365,14%,Cross-border volume excluding intra-Europe(2),,
FY2024Q3,cross_border_ex_intra_europe_growth_nominal,12.0,percent,nominal,global,measured,primary,0001403161-24-000040/q32024earningsrelease.htm,77607,77610,12%,Cross-border volume excluding intra-Europe(2),,
FY2024Q3,cross_border_total_growth_constant,14.0,percent,constant_dollar,global,measured,primary,0001403161-24-000040/q32024earningsrelease.htm,78060,78063,14%,Cross-border volume total,,
FY2024Q3,cross_border_total_growth_nominal,12.0,percent,nominal,global,measured,primary,0001403161-24-000040/q32024earningsrelease.htm,78305,78308,12%,Cross-border volume total,,
FY2024Q3,data_processing_revenue,4489.0,usd_millions,gaap,global,measured,primary,0001403161-24-000040/q32024earningsrelease.htm,55284,55289,"4,489",Data processing revenue,,
FY2024Q3,diluted_shares,2029.0,shares_millions,gaap,global,measured,primary,0001403161-24-000040/q32024earningsrelease.htm,212461,212466,"2,029",Class A common stock,,
FY2024Q3,eps_diluted_ex_special_items,2.42,usd_per_share,ex_special_items,global,measured,primary,0001403161-24-000040/q32024earningsrelease.htm,72576,72580,2.42,Earnings per share,,
FY2024Q3,eps_diluted_gaap,2.4,usd_per_share,gaap,global,measured,primary,0001403161-24-000040/q32024earningsrelease.htm,65753,65757,2.40,Earnings per share,,
FY2024Q3,international_transaction_revenue,3194.0,usd_millions,gaap,global,measured,primary,0001403161-24-000040/q32024earningsrelease.htm,56290,56295,"3,194",International transaction revenue,,
FY2024Q3,net_interest_other,51.0,usd_millions,gaap,global,measured,primary,0001403161-24-000040/q32024earningsrelease.htm,61846,61848,51,Non-operating income (expense),,
FY2024Q3,net_revenue,8900.0,usd_millions,gaap,global,measured,primary,0001403161-24-000040/q32024earningsrelease.htm,59493,59498,"8,900",Net revenue,,
FY2024Q3,operating_expenses_ex_special_items,2927.0,usd_millions,ex_special_items,global,measured,primary,0001403161-24-000040/q32024earningsrelease.htm,67768,67773,"2,927",Total operating expenses,,
FY2024Q3,operating_expenses_gaap,2962.0,usd_millions,gaap,global,measured,primary,0001403161-24-000040/q32024earningsrelease.htm,60791,60796,"2,962",Total operating expenses,,
FY2024Q3,operating_profit_ex_special_items,5973.0,usd_millions,ex_special_items,global,derived,primary,0001403161-24-000040/q32024earningsrelease.htm,67768,67773,"2,927",Total operating expenses,,
FY2024Q3,operating_profit_gaap,5938.0,usd_millions,gaap,global,derived,primary,0001403161-24-000040/q32024earningsrelease.htm,59493,59498,"8,900",Net revenue,,
FY2024Q3,other_revenue,780.0,usd_millions,gaap,global,measured,primary,0001403161-24-000040/q32024earningsrelease.htm,57276,57279,780,Other revenue,,
FY2024Q3,payments_volume_growth_constant,7.0,percent,constant_dollar,global,measured,primary,0001403161-24-000040/q32024earningsrelease.htm,76467,76469,7%,Payments volume,,
FY2024Q3,payments_volume_growth_nominal,5.0,percent,nominal,global,measured,primary,0001403161-24-000040/q32024earningsrelease.htm,76711,76713,5%,Payments volume,,
FY2024Q3,payments_volume_prior_quarter_growth_constant,7.0,percent,constant_dollar,global,measured,primary,0001403161-24-000053/q42024earningsrelease.htm,27851,27853,7%,on which fiscal,,
FY2024Q3,processed_transactions_count,59300.0,transactions_millions,count,global,measured,primary,0001403161-24-000040/q32024earningsrelease.htm,22172,22176,59.3,three months ended,,
FY2024Q3,processed_transactions_growth,10.0,percent,count,global,measured,primary,0001403161-24-000040/q32024earningsrelease.htm,78755,78758,10%,Processed transactions,,
FY2024Q3,service_revenue,3967.0,usd_millions,gaap,global,measured,primary,0001403161-24-000040/q32024earningsrelease.htm,54288,54293,"3,967",Service revenue,,
FY2024Q3,special_item_operating_expense,-48.0,usd_millions,gaap,global,measured,primary,0001403161-24-000040/q32024earningsrelease.htm,343993,343997,(48),Amortization of acquired intangible assets,,three-month operating-expense bridge line
FY2024Q3,special_item_operating_expense,-28.0,usd_millions,gaap,global,measured,primary,0001403161-24-000040/q32024earningsrelease.htm,346033,346037,(28),Acquisition-related costs,,three-month operating-expense bridge line
FY2024Q3,special_item_operating_expense,-10.0,usd_millions,gaap,global,measured,primary,0001403161-24-000040/q32024earningsrelease.htm,348067,348071,(10),Litigation provision,,three-month operating-expense bridge line
FY2024Q3,special_item_operating_expense,118.0,usd_millions,gaap,global,measured,primary,0001403161-24-000040/q32024earningsrelease.htm,350097,350100,118,Indirect taxes,,three-month operating-expense bridge line
FY2024Q3,special_item_operating_expense,-67.0,usd_millions,gaap,global,measured,primary,0001403161-24-000040/q32024earningsrelease.htm,352128,352132,(67),Charitable contribution,,three-month operating-expense bridge line
FY2024Q3,special_items,35.0,usd_millions,gaap,global,derived,primary,0001403161-24-000040/q32024earningsrelease.htm,60791,60796,"2,962",Total operating expenses,,Net amount removed from GAAP opex
FY2024Q3,tax_rate,0.186,ratio,gaap,global,measured,primary,0001403161-24-000040/q32024earningsrelease.htm,24817,24821,18.6,effective income tax rate was,,
FY2024Q4,cash_volume_nominal_us,630.0,usd_billions,nominal,global,measured,primary,0001403161-25-000017/v-20241231.htm,1156329,1156332,630,Cash volume(5),comparative,prior-year column; not a first print (DR-04)
FY2024Q4,cash_volume_nominal_us,625.0,usd_billions,nominal,global,measured,primary,0001403161-25-000017/v-20241231.htm,1155814,1155817,625,Cash volume(5),current,
FY2024Q4,cash_volume_nominal_us,476.0,usd_billions,nominal,international,measured,primary,0001403161-25-000017/v-20241231.htm,1154890,1154893,476,Cash volume(5),comparative,prior-year column; not a first print (DR-04)
FY2024Q4,cash_volume_nominal_us,475.0,usd_billions,nominal,international,measured,primary,0001403161-25-000017/v-20241231.htm,1154375,1154378,475,Cash volume(5),current,
FY2024Q4,cash_volume_nominal_us,155.0,usd_billions,nominal,us,measured,primary,0001403161-25-000017/v-20241231.htm,1153455,1153458,155,Cash volume(5),comparative,prior-year column; not a first print (DR-04)
FY2024Q4,cash_volume_nominal_us,150.0,usd_billions,nominal,us,measured,primary,0001403161-25-000017/v-20241231.htm,1152940,1152943,150,Cash volume(5),current,
FY2024Q4,client_incentives,3629.0,usd_millions,gaap,global,measured,primary,0001403161-24-000053/q42024earningsrelease.htm,82131,82138,"(3,629)",Client incentives,,
FY2024Q4,cross_border_ex_intra_europe_growth_constant,13.0,percent,constant_dollar,global,measured,primary,0001403161-24-000053/q42024earningsrelease.htm,116208,116211,13%,Cross-border volume excluding intra-Europe(2),,
FY2024Q4,cross_border_ex_intra_europe_growth_nominal,12.0,percent,nominal,global,measured,primary,0001403161-24-000053/q42024earningsrelease.htm,116453,116456,12%,Cross-border volume excluding intra-Europe(2),,
FY2024Q4,cross_border_total_growth_constant,13.0,percent,constant_dollar,global,measured,primary,0001403161-24-000053/q42024earningsrelease.htm,117396,117399,13%,Cross-border volume total,,
FY2024Q4,cross_border_total_growth_nominal,13.0,percent,nominal,global,measured,primary,0001403161-24-000053/q42024earningsrelease.htm,117641,117644,13%,Cross-border volume total,,
FY2024Q4,data_processing_revenue,4610.0,usd_millions,gaap,global,measured,primary,0001403161-24-000053/q42024earningsrelease.htm,76800,76805,"4,610",Data processing revenue,,
FY2024Q4,diluted_shares,2003.0,shares_millions,gaap,global,measured,primary,0001403161-24-000053/q42024earningsrelease.htm,253586,253591,"2,003",Class A common stock,,
FY2024Q4,eps_diluted_ex_special_items,2.71,usd_per_share,ex_special_items,global,measured,primary,0001403161-24-000053/q42024earningsrelease.htm,108064,108068,2.71,Earnings per share,,
FY2024Q4,eps_diluted_gaap,2.65,usd_per_share,gaap,global,measured,primary,0001403161-24-000053/q42024earningsrelease.htm,95879,95883,2.65,Earnings per share,,
FY2024Q4,international_transaction_revenue,3468.0,usd_millions,gaap,global,measured,primary,0001403161-24-000053/q42024earningsrelease.htm,78590,78595,"3,468",International transaction revenue,,
FY2024Q4,net_interest_other,23.0,usd_millions,gaap,global,measured,primary,0001403161-24-000053/q42024earningsrelease.htm,88919,88921,23,Non-operating income (expense),,
FY2024Q4,net_revenue,9617.0,usd_millions,gaap,global,measured,primary,0001403161-24-000053/q42024earningsrelease.htm,84138,84143,"9,617",Net revenue,,
FY2024Q4,operating_expenses_ex_special_items,3192.0,usd_millions,ex_special_items,global,measured,primary,0001403161-24-000053/q42024earningsrelease.htm,99367,99372,"3,192",Total operating expenses,,
FY2024Q4,operating_expenses_gaap,3268.0,usd_millions,gaap,global,measured,primary,0001403161-24-000053/q42024earningsrelease.htm,86911,86916,"3,268",Total operating expenses,,
FY2024Q4,operating_profit_ex_special_items,6425.0,usd_millions,ex_special_items,global,derived,primary,0001403161-24-000053/q42024earningsrelease.htm,99367,99372,"3,192",Total operating expenses,,
FY2024Q4,operating_profit_gaap,6349.0,usd_millions,gaap,global,derived,primary,0001403161-24-000053/q42024earningsrelease.htm,84138,84143,"9,617",Net revenue,,
FY2024Q4,other_revenue,969.0,usd_millions,gaap,global,measured,primary,0001403161-24-000053/q42024earningsrelease.htm,80359,80362,969,Other revenue,,
FY2024Q4,payments_volume_growth_constant,8.0,percent,constant_dollar,global,measured,primary,0001403161-24-000053/q42024earningsrelease.htm,114825,114827,8%,Payments volume,,
FY2024Q4,payments_volume_growth_nominal,6.0,percent,nominal,global,measured,primary,0001403161-24-000053/q42024earningsrelease.htm,115069,115071,6%,Payments volume,,
FY2024Q4,payments_volume_nominal_us,3204.0,usd_billions,nominal,global,measured,primary,0001403161-25-000017/v-20241231.htm,1151635,1151640,"3,204",Total nominal payments volume(2),comparative,prior-year column; not a first print (DR-04)
FY2024Q4,payments_volume_nominal_us,3410.0,usd_billions,nominal,global,measured,primary,0001403161-25-000017/v-20241231.htm,1150837,1150842,"3,410",Total nominal payments volume(2),current,
FY2024Q4,payments_volume_nominal_us,1634.0,usd_billions,nominal,international,measured,primary,0001403161-25-000017/v-20241231.htm,1149639,1149644,"1,634",Total nominal payments volume(2),comparative,prior-year column; not a first print (DR-04)
FY2024Q4,payments_volume_nominal_us,1760.0,usd_billions,nominal,international,measured,primary,0001403161-25-000017/v-20241231.htm,1148841,1148846,"1,760",Total nominal payments volume(2),current,
FY2024Q4,payments_volume_nominal_us,1570.0,usd_billions,nominal,us,measured,primary,0001403161-25-000017/v-20241231.htm,1147643,1147648,"1,570",Total nominal payments volume(2),comparative,prior-year column; not a first print (DR-04)
FY2024Q4,payments_volume_nominal_us,1649.0,usd_billions,nominal,us,measured,primary,0001403161-25-000017/v-20241231.htm,1146845,1146850,"1,649",Total nominal payments volume(2),current,
FY2024Q4,payments_volume_prior_quarter_growth_constant,8.0,percent,constant_dollar,global,measured,primary,0001403161-25-000016/q12025earningsrelease.htm,20511,20513,8%,on which fiscal,,
FY2024Q4,processed_transactions_count,61500.0,transactions_millions,count,global,measured,primary,0001403161-24-000053/q42024earningsrelease.htm,29419,29423,61.5,three months ended,,
FY2024Q4,processed_transactions_growth,10.0,percent,count,global,measured,primary,0001403161-24-000053/q42024earningsrelease.htm,118581,118584,10%,Processed transactions,,
FY2024Q4,service_revenue,4199.0,usd_millions,gaap,global,measured,primary,0001403161-24-000053/q42024earningsrelease.htm,74849,74854,"4,199",Service revenue,,
FY2024Q4,special_item_operating_expense,-47.0,usd_millions,gaap,global,measured,primary,0001403161-24-000053/q42024earningsrelease.htm,384249,384253,(47),Amortization of acquired intangible assets,,three-month operating-expense bridge line
FY2024Q4,special_item_operating_expense,-29.0,usd_millions,gaap,global,measured,primary,0001403161-24-000053/q42024earningsrelease.htm,386205,386209,(29),Acquisition-related costs,,three-month operating-expense bridge line
FY2024Q4,special_items,76.0,usd_millions,gaap,global,derived,primary,0001403161-24-000053/q42024earningsrelease.htm,86911,86916,"3,268",Total operating expenses,,Net amount removed from GAAP opex
FY2024Q4,tax_rate,0.165,ratio,gaap,global,measured,primary,0001403161-24-000053/q42024earningsrelease.htm,32175,32179,16.5,effective income tax rate was,,
FY2024Q4,total_volume_nominal_us,3834.0,usd_billions,nominal,global,measured,primary,0001403161-25-000017/v-20241231.htm,1163170,1163175,"3,834","Total nominal volume(2),(6)",comparative,prior-year column; not a first print (DR-04)
FY2024Q4,total_volume_nominal_us,4034.0,usd_billions,nominal,global,measured,primary,0001403161-25-000017/v-20241231.htm,1162282,1162287,"4,034","Total nominal volume(2),(6)",current,
FY2024Q4,total_volume_nominal_us,2109.0,usd_billions,nominal,international,measured,primary,0001403161-25-000017/v-20241231.htm,1160994,1160999,"2,109","Total nominal volume(2),(6)",comparative,prior-year column; not a first print (DR-04)
FY2024Q4,total_volume_nominal_us,2235.0,usd_billions,nominal,international,measured,primary,0001403161-25-000017/v-20241231.htm,1160106,1160111,"2,235","Total nominal volume(2),(6)",current,
FY2024Q4,total_volume_nominal_us,1725.0,usd_billions,nominal,us,measured,primary,0001403161-25-000017/v-20241231.htm,1158818,1158823,"1,725","Total nominal volume(2),(6)",comparative,prior-year column; not a first print (DR-04)
FY2024Q4,total_volume_nominal_us,1799.0,usd_billions,nominal,us,measured,primary,0001403161-25-000017/v-20241231.htm,1157930,1157935,"1,799","Total nominal volume(2),(6)",current,
FY2025Q1,cash_volume_nominal_us,636.0,usd_billions,nominal,global,measured,primary,0001403161-25-000037/v-20250331.htm,1469596,1469599,636,Cash volume(5),comparative,prior-year column; not a first print (DR-04)
FY2025Q1,cash_volume_nominal_us,628.0,usd_billions,nominal,global,measured,primary,0001403161-25-000037/v-20250331.htm,1469081,1469084,628,Cash volume(5),current,
FY2025Q1,cash_volume_nominal_us,486.0,usd_billions,nominal,international,measured,primary,0001403161-25-000037/v-20250331.htm,1468161,1468164,486,Cash volume(5),comparative,prior-year column; not a first print (DR-04)
FY2025Q1,cash_volume_nominal_us,479.0,usd_billions,nominal,international,measured,primary,0001403161-25-000037/v-20250331.htm,1467646,1467649,479,Cash volume(5),current,
FY2025Q1,cash_volume_nominal_us,150.0,usd_billions,nominal,us,measured,primary,0001403161-25-000037/v-20250331.htm,1466726,1466729,150,Cash volume(5),comparative,prior-year column; not a first print (DR-04)
FY2025Q1,cash_volume_nominal_us,149.0,usd_billions,nominal,us,measured,primary,0001403161-25-000037/v-20250331.htm,1466211,1466214,149,Cash volume(5),current,
FY2025Q1,client_incentives,3797.0,usd_millions,gaap,global,measured,primary,0001403161-25-000016/q12025earningsrelease.htm,57525,57532,"(3,797)",Client incentives,,
FY2025Q1,cross_border_ex_intra_europe_growth_constant,16.0,percent,constant_dollar,global,measured,primary,0001403161-25-000016/q12025earningsrelease.htm,76791,76794,16%,Cross-border volume excluding intra-Europe(2),,
FY2025Q1,cross_border_ex_intra_europe_growth_nominal,15.0,percent,nominal,global,measured,primary,0001403161-25-000016/q12025earningsrelease.htm,77036,77039,15%,Cross-border volume excluding intra-Europe(2),,
FY2025Q1,cross_border_total_growth_constant,16.0,percent,constant_dollar,global,measured,primary,0001403161-25-000016/q12025earningsrelease.htm,77489,77492,16%,Cross-border volume total,,
FY2025Q1,cross_border_total_growth_nominal,15.0,percent,nominal,global,measured,primary,0001403161-25-000016/q12025earningsrelease.htm,77734,77737,15%,Cross-border volume total,,
FY2025Q1,data_processing_revenue,4745.0,usd_millions,gaap,global,measured,primary,0001403161-25-000016/q12025earningsrelease.htm,54543,54548,"4,745",Data processing revenue,,
FY2025Q1,diluted_shares,1985.0,shares_millions,gaap,global,measured,primary,0001403161-25-000016/q12025earningsrelease.htm,189216,189221,"1,985",Class A common stock,,
FY2025Q1,eps_diluted_ex_special_items,2.75,usd_per_share,ex_special_items,global,measured,primary,0001403161-25-000016/q12025earningsrelease.htm,72005,72009,2.75,Earnings per share,,
FY2025Q1,eps_diluted_gaap,2.58,usd_per_share,gaap,global,measured,primary,0001403161-25-000016/q12025earningsrelease.htm,65180,65184,2.58,Earnings per share,,
FY2025Q1,international_transaction_revenue,3442.0,usd_millions,gaap,global,measured,primary,0001403161-25-000016/q12025earningsrelease.htm,55549,55554,"3,442",International transaction revenue,,
FY2025Q1,net_interest_other,-34.0,usd_millions,gaap,global,measured,primary,0001403161-25-000016/q12025earningsrelease.htm,61277,61281,(34),Non-operating income (expense),,
FY2025Q1,net_revenue,9510.0,usd_millions,gaap,global,measured,primary,0001403161-25-000016/q12025earningsrelease.htm,58753,58758,"9,510",Net revenue,,
FY2025Q1,operating_expenses_ex_special_items,2917.0,usd_millions,ex_special_items,global,measured,primary,0001403161-25-000016/q12025earningsrelease.htm,67194,67199,"2,917",Total operating expenses,,
FY2025Q1,operating_expenses_gaap,3276.0,usd_millions,gaap,global,measured,primary,0001403161-25-000016/q12025earningsrelease.htm,60223,60228,"3,276",Total operating expenses,,
FY2025Q1,operating_profit_ex_special_items,6593.0,usd_millions,ex_special_items,global,derived,primary,0001403161-25-000016/q12025earningsrelease.htm,67194,67199,"2,917",Total operating expenses,,
FY2025Q1,operating_profit_gaap,6234.0,usd_millions,gaap,global,derived,primary,0001403161-25-000016/q12025earningsrelease.htm,58753,58758,"9,510",Net revenue,,
FY2025Q1,other_revenue,912.0,usd_millions,gaap,global,measured,primary,0001403161-25-000016/q12025earningsrelease.htm,56536,56539,912,Other revenue,,
FY2025Q1,payments_volume_growth_constant,9.0,percent,constant_dollar,global,measured,primary,0001403161-25-000016/q12025earningsrelease.htm,75896,75898,9%,Payments volume,,
FY2025Q1,payments_volume_growth_nominal,7.0,percent,nominal,global,measured,primary,0001403161-25-000016/q12025earningsrelease.htm,76140,76142,7%,Payments volume,,
FY2025Q1,payments_volume_nominal_us,3283.0,usd_billions,nominal,global,measured,primary,0001403161-25-000037/v-20250331.htm,1464906,1464911,"3,283",Total nominal payments volume(2),comparative,prior-year column; not a first print (DR-04)
FY2025Q1,payments_volume_nominal_us,3524.0,usd_billions,nominal,global,measured,primary,0001403161-25-000037/v-20250331.htm,1464108,1464113,"3,524",Total nominal payments volume(2),current,
FY2025Q1,payments_volume_nominal_us,1679.0,usd_billions,nominal,international,measured,primary,0001403161-25-000037/v-20250331.htm,1462910,1462915,"1,679",Total nominal payments volume(2),comparative,prior-year column; not a first print (DR-04)
FY2025Q1,payments_volume_nominal_us,1803.0,usd_billions,nominal,international,measured,primary,0001403161-25-000037/v-20250331.htm,1462112,1462117,"1,803",Total nominal payments volume(2),current,
FY2025Q1,payments_volume_nominal_us,1604.0,usd_billions,nominal,us,measured,primary,0001403161-25-000037/v-20250331.htm,1460914,1460919,"1,604",Total nominal payments volume(2),comparative,prior-year column; not a first print (DR-04)
FY2025Q1,payments_volume_nominal_us,1720.0,usd_billions,nominal,us,measured,primary,0001403161-25-000037/v-20250331.htm,1460116,1460121,"1,720",Total nominal payments volume(2),current,
FY2025Q1,payments_volume_prior_quarter_growth_constant,9.0,percent,constant_dollar,global,measured,primary,0001403161-25-000035/q22025earningsrelease.htm,21166,21168,9%,on which fiscal,,
FY2025Q1,processed_transactions_count,63800.0,transactions_millions,count,global,measured,primary,0001403161-25-000016/q12025earningsrelease.htm,22076,22080,63.8,three months ended,,
FY2025Q1,processed_transactions_growth,11.0,percent,count,global,measured,primary,0001403161-25-000016/q12025earningsrelease.htm,78184,78187,11%,Processed transactions,,
FY2025Q1,service_revenue,4208.0,usd_millions,gaap,global,measured,primary,0001403161-25-000016/q12025earningsrelease.htm,53547,53552,"4,208",Service revenue,,
FY2025Q1,special_item_operating_expense,-46.0,usd_millions,gaap,global,measured,primary,0001403161-25-000016/q12025earningsrelease.htm,323339,323343,(46),Amortization of acquired intangible assets,,three-month operating-expense bridge line
FY2025Q1,special_item_operating_expense,-34.0,usd_millions,gaap,global,measured,primary,0001403161-25-000016/q12025earningsrelease.htm,325295,325299,(34),Acquisition-related costs,,three-month operating-expense bridge line
FY2025Q1,special_item_operating_expense,-213.0,usd_millions,gaap,global,measured,primary,0001403161-25-000016/q12025earningsrelease.htm,327240,327245,(213),Severance costs,,three-month operating-expense bridge line
FY2025Q1,special_item_operating_expense,-39.0,usd_millions,gaap,global,measured,primary,0001403161-25-000016/q12025earningsrelease.htm,329212,329216,(39),Lease consolidation costs,,three-month operating-expense bridge line
FY2025Q1,special_item_operating_expense,-27.0,usd_millions,gaap,global,measured,primary,0001403161-25-000016/q12025earningsrelease.htm,331162,331166,(27),Litigation provision,,three-month operating-expense bridge line
FY2025Q1,special_items,359.0,usd_millions,gaap,global,derived,primary,0001403161-25-000016/q12025earningsrelease.htm,60223,60228,"3,276",Total operating expenses,,Net amount removed from GAAP opex
FY2025Q1,tax_rate,0.174,ratio,gaap,global,measured,primary,0001403161-25-000016/q12025earningsrelease.htm,24740,24744,17.4,effective income tax rate was,,
FY2025Q1,total_volume_nominal_us,3918.0,usd_billions,nominal,global,measured,primary,0001403161-25-000037/v-20250331.htm,1475903,1475908,"3,918","Total nominal volume(2),(6)",comparative,prior-year column; not a first print (DR-04)
FY2025Q1,total_volume_nominal_us,4151.0,usd_billions,nominal,global,measured,primary,0001403161-25-000037/v-20250331.htm,1475111,1475116,"4,151","Total nominal volume(2),(6)",current,
FY2025Q1,total_volume_nominal_us,2165.0,usd_billions,nominal,international,measured,primary,0001403161-25-000037/v-20250331.htm,1473916,1473921,"2,165","Total nominal volume(2),(6)",comparative,prior-year column; not a first print (DR-04)
FY2025Q1,total_volume_nominal_us,2282.0,usd_billions,nominal,international,measured,primary,0001403161-25-000037/v-20250331.htm,1473124,1473129,"2,282","Total nominal volume(2),(6)",current,
FY2025Q1,total_volume_nominal_us,1754.0,usd_billions,nominal,us,measured,primary,0001403161-25-000037/v-20250331.htm,1471929,1471934,"1,754","Total nominal volume(2),(6)",comparative,prior-year column; not a first print (DR-04)
FY2025Q1,total_volume_nominal_us,1869.0,usd_billions,nominal,us,measured,primary,0001403161-25-000037/v-20250331.htm,1471137,1471142,"1,869","Total nominal volume(2),(6)",current,
FY2025Q2,cash_volume_nominal_us,609.0,usd_billions,nominal,global,measured,primary,0001403161-25-000052/v-20250630.htm,1525102,1525105,609,Cash volume(5),comparative,prior-year column; not a first print (DR-04)
FY2025Q2,cash_volume_nominal_us,599.0,usd_billions,nominal,global,measured,primary,0001403161-25-000052/v-20250630.htm,1524587,1524590,599,Cash volume(5),current,
FY2025Q2,cash_volume_nominal_us,461.0,usd_billions,nominal,international,measured,primary,0001403161-25-000052/v-20250630.htm,1523667,1523670,461,Cash volume(5),comparative,prior-year column; not a first print (DR-04)
FY2025Q2,cash_volume_nominal_us,454.0,usd_billions,nominal,international,measured,primary,0001403161-25-000052/v-20250630.htm,1523152,1523155,454,Cash volume(5),current,
FY2025Q2,cash_volume_nominal_us,148.0,usd_billions,nominal,us,measured,primary,0001403161-25-000052/v-20250630.htm,1522232,1522235,148,Cash volume(5),comparative,prior-year column; not a first print (DR-04)
FY2025Q2,cash_volume_nominal_us,145.0,usd_billions,nominal,us,measured,primary,0001403161-25-000052/v-20250630.htm,1521717,1521720,145,Cash volume(5),current,
FY2025Q2,client_incentives,3734.0,usd_millions,gaap,global,measured,primary,0001403161-25-000035/q22025earningsrelease.htm,57869,57876,"(3,734)",Client incentives,,
FY2025Q2,cross_border_ex_intra_europe_growth_constant,13.0,percent,constant_dollar,global,measured,primary,0001403161-25-000035/q22025earningsrelease.htm,76960,76963,13%,Cross-border volume excluding intra-Europe(2),,
FY2025Q2,cross_border_ex_intra_europe_growth_nominal,10.0,percent,nominal,global,measured,primary,0001403161-25-000035/q22025earningsrelease.htm,77205,77208,10%,Cross-border volume excluding intra-Europe(2),,
FY2025Q2,cross_border_total_growth_constant,13.0,percent,constant_dollar,global,measured,primary,0001403161-25-000035/q22025earningsrelease.htm,77658,77661,13%,Cross-border volume total,,
FY2025Q2,cross_border_total_growth_nominal,10.0,percent,nominal,global,measured,primary,0001403161-25-000035/q22025earningsrelease.htm,77903,77906,10%,Cross-border volume total,,
FY2025Q2,data_processing_revenue,4701.0,usd_millions,gaap,global,measured,primary,0001403161-25-000035/q22025earningsrelease.htm,54886,54891,"4,701",Data processing revenue,,
FY2025Q2,diluted_shares,1974.0,shares_millions,gaap,global,measured,primary,0001403161-25-000035/q22025earningsrelease.htm,213244,213249,"1,974",Class A common stock,,
FY2025Q2,eps_diluted_ex_special_items,2.76,usd_per_share,ex_special_items,global,measured,primary,0001403161-25-000035/q22025earningsrelease.htm,72174,72178,2.76,Earnings per share,,
FY2025Q2,eps_diluted_gaap,2.32,usd_per_share,gaap,global,measured,primary,0001403161-25-000035/q22025earningsrelease.htm,65353,65357,2.32,Earnings per share,,
FY2025Q2,international_transaction_revenue,3291.0,usd_millions,gaap,global,measured,primary,0001403161-25-000035/q22025earningsrelease.htm,55893,55898,"3,291",International transaction revenue,,
FY2025Q2,net_interest_other,3.0,usd_millions,gaap,global,measured,primary,0001403161-25-000035/q22025earningsrelease.htm,61448,61449,3,Non-operating income (expense),,
FY2025Q2,net_revenue,9594.0,usd_millions,gaap,global,measured,primary,0001403161-25-000035/q22025earningsrelease.htm,59097,59102,"9,594",Net revenue,,
FY2025Q2,operating_expenses_ex_special_items,3071.0,usd_millions,ex_special_items,global,measured,primary,0001403161-25-000035/q22025earningsrelease.htm,67367,67372,"3,071",Total operating expenses,,
FY2025Q2,operating_expenses_gaap,4159.0,usd_millions,gaap,global,measured,primary,0001403161-25-000035/q22025earningsrelease.htm,60394,60399,"4,159",Total operating expenses,,
FY2025Q2,operating_profit_ex_special_items,6523.0,usd_millions,ex_special_items,global,derived,primary,0001403161-25-000035/q22025earningsrelease.htm,67367,67372,"3,071",Total operating expenses,,
FY2025Q2,operating_profit_gaap,5435.0,usd_millions,gaap,global,derived,primary,0001403161-25-000035/q22025earningsrelease.htm,59097,59102,"9,594",Net revenue,,
FY2025Q2,other_revenue,937.0,usd_millions,gaap,global,measured,primary,0001403161-25-000035/q22025earningsrelease.htm,56880,56883,937,Other revenue,,
FY2025Q2,payments_volume_growth_constant,8.0,percent,constant_dollar,global,measured,primary,0001403161-25-000035/q22025earningsrelease.htm,76065,76067,8%,Payments volume,,
FY2025Q2,payments_volume_growth_nominal,5.0,percent,nominal,global,measured,primary,0001403161-25-000035/q22025earningsrelease.htm,76309,76311,5%,Payments volume,,
FY2025Q2,payments_volume_nominal_us,3173.0,usd_billions,nominal,global,measured,primary,0001403161-25-000052/v-20250630.htm,1520412,1520417,"3,173",Total nominal payments volume(2),comparative,prior-year column; not a first print (DR-04)
FY2025Q2,payments_volume_nominal_us,3344.0,usd_billions,nominal,global,measured,primary,0001403161-25-000052/v-20250630.htm,1519614,1519619,"3,344",Total nominal payments volume(2),current,
FY2025Q2,payments_volume_nominal_us,1612.0,usd_billions,nominal,international,measured,primary,0001403161-25-000052/v-20250630.htm,1518416,1518421,"1,612",Total nominal payments volume(2),comparative,prior-year column; not a first print (DR-04)
FY2025Q2,payments_volume_nominal_us,1690.0,usd_billions,nominal,international,measured,primary,0001403161-25-000052/v-20250630.htm,1517618,1517623,"1,690",Total nominal payments volume(2),current,
FY2025Q2,payments_volume_nominal_us,1561.0,usd_billions,nominal,us,measured,primary,0001403161-25-000052/v-20250630.htm,1516420,1516425,"1,561",Total nominal payments volume(2),comparative,prior-year column; not a first print (DR-04)
FY2025Q2,payments_volume_nominal_us,1654.0,usd_billions,nominal,us,measured,primary,0001403161-25-000052/v-20250630.htm,1515622,1515627,"1,654",Total nominal payments volume(2),current,
FY2025Q2,payments_volume_prior_quarter_growth_constant,8.0,percent,constant_dollar,global,measured,primary,0001403161-25-000051/q32025earningsrelease.htm,20850,20852,8%,on which fiscal,,
FY2025Q2,processed_transactions_count,60700.0,transactions_millions,count,global,measured,primary,0001403161-25-000035/q22025earningsrelease.htm,22721,22725,60.7,three months ended,,
FY2025Q2,processed_transactions_growth,9.0,percent,count,global,measured,primary,0001403161-25-000035/q22025earningsrelease.htm,78353,78355,9%,Processed transactions,,
FY2025Q2,service_revenue,4399.0,usd_millions,gaap,global,measured,primary,0001403161-25-000035/q22025earningsrelease.htm,53890,53895,"4,399",Service revenue,,
FY2025Q2,special_item_operating_expense,-64.0,usd_millions,gaap,global,measured,primary,0001403161-25-000035/q22025earningsrelease.htm,343439,343443,(64),Amortization of acquired intangible assets,,three-month operating-expense bridge line
FY2025Q2,special_item_operating_expense,-32.0,usd_millions,gaap,global,measured,primary,0001403161-25-000035/q22025earningsrelease.htm,345395,345399,(32),Acquisition-related costs,,three-month operating-expense bridge line
FY2025Q2,special_item_operating_expense,-992.0,usd_millions,gaap,global,measured,primary,0001403161-25-000035/q22025earningsrelease.htm,347345,347350,(992),Litigation provision,,three-month operating-expense bridge line
FY2025Q2,special_items,1088.0,usd_millions,gaap,global,derived,primary,0001403161-25-000035/q22025earningsrelease.htm,60394,60399,"4,159",Total operating expenses,,Net amount removed from GAAP opex
FY2025Q2,tax_rate,0.158,ratio,gaap,global,measured,primary,0001403161-25-000035/q22025earningsrelease.htm,25355,25359,15.8,effective income tax rate was,,
FY2025Q2,total_volume_nominal_us,3782.0,usd_billions,nominal,global,measured,primary,0001403161-25-000052/v-20250630.htm,1531409,1531414,"3,782","Total nominal volume(2),(6)",comparative,prior-year column; not a first print (DR-04)
FY2025Q2,total_volume_nominal_us,3943.0,usd_billions,nominal,global,measured,primary,0001403161-25-000052/v-20250630.htm,1530617,1530622,"3,943","Total nominal volume(2),(6)",current,
FY2025Q2,total_volume_nominal_us,2073.0,usd_billions,nominal,international,measured,primary,0001403161-25-000052/v-20250630.htm,1529422,1529427,"2,073","Total nominal volume(2),(6)",comparative,prior-year column; not a first print (DR-04)
FY2025Q2,total_volume_nominal_us,2144.0,usd_billions,nominal,international,measured,primary,0001403161-25-000052/v-20250630.htm,1528630,1528635,"2,144","Total nominal volume(2),(6)",current,
FY2025Q2,total_volume_nominal_us,1709.0,usd_billions,nominal,us,measured,primary,0001403161-25-000052/v-20250630.htm,1527435,1527440,"1,709","Total nominal volume(2),(6)",comparative,prior-year column; not a first print (DR-04)
FY2025Q2,total_volume_nominal_us,1800.0,usd_billions,nominal,us,measured,primary,0001403161-25-000052/v-20250630.htm,1526643,1526648,"1,800","Total nominal volume(2),(6)",current,
FY2025Q3,client_incentives,3972.0,usd_millions,gaap,global,measured,primary,0001403161-25-000051/q32025earningsrelease.htm,56635,56642,"(3,972)",Client incentives,,
FY2025Q3,cross_border_ex_intra_europe_growth_constant,11.0,percent,constant_dollar,global,measured,primary,0001403161-25-000051/q32025earningsrelease.htm,75906,75909,11%,Cross-border volume excluding intra-Europe(2),,
FY2025Q3,cross_border_ex_intra_europe_growth_nominal,13.0,percent,nominal,global,measured,primary,0001403161-25-000051/q32025earningsrelease.htm,76151,76154,13%,Cross-border volume excluding intra-Europe(2),,
FY2025Q3,cross_border_total_growth_constant,12.0,percent,constant_dollar,global,measured,primary,0001403161-25-000051/q32025earningsrelease.htm,76604,76607,12%,Cross-border volume total,,
FY2025Q3,cross_border_total_growth_nominal,16.0,percent,nominal,global,measured,primary,0001403161-25-000051/q32025earningsrelease.htm,76849,76852,16%,Cross-border volume total,,
FY2025Q3,data_processing_revenue,5153.0,usd_millions,gaap,global,measured,primary,0001403161-25-000051/q32025earningsrelease.htm,53650,53655,"5,153",Data processing revenue,,
FY2025Q3,diluted_shares,1959.0,shares_millions,gaap,global,measured,primary,0001403161-25-000051/q32025earningsrelease.htm,211948,211953,"1,959",Class A common stock,,
FY2025Q3,eps_diluted_ex_special_items,2.98,usd_per_share,ex_special_items,global,measured,primary,0001403161-25-000051/q32025earningsrelease.htm,71120,71124,2.98,Earnings per share,,
FY2025Q3,eps_diluted_gaap,2.69,usd_per_share,gaap,global,measured,primary,0001403161-25-000051/q32025earningsrelease.htm,64294,64298,2.69,Earnings per share,,
FY2025Q3,international_transaction_revenue,3633.0,usd_millions,gaap,global,measured,primary,0001403161-25-000051/q32025earningsrelease.htm,54657,54662,"3,633",International transaction revenue,,
FY2025Q3,net_interest_other,156.0,usd_millions,gaap,global,measured,primary,0001403161-25-000051/q32025earningsrelease.htm,60388,60391,156,Non-operating income (expense),,
FY2025Q3,net_revenue,10172.0,usd_millions,gaap,global,measured,primary,0001403161-25-000051/q32025earningsrelease.htm,57863,57869,"10,172",Net revenue,,
FY2025Q3,operating_expenses_ex_special_items,3307.0,usd_millions,ex_special_items,global,measured,primary,0001403161-25-000051/q32025earningsrelease.htm,66309,66314,"3,307",Total operating expenses,,
FY2025Q3,operating_expenses_gaap,3995.0,usd_millions,gaap,global,measured,primary,0001403161-25-000051/q32025earningsrelease.htm,59334,59339,"3,995",Total operating expenses,,
FY2025Q3,operating_profit_ex_special_items,6865.0,usd_millions,ex_special_items,global,derived,primary,0001403161-25-000051/q32025earningsrelease.htm,66309,66314,"3,307",Total operating expenses,,
FY2025Q3,operating_profit_gaap,6177.0,usd_millions,gaap,global,derived,primary,0001403161-25-000051/q32025earningsrelease.htm,57863,57869,"10,172",Net revenue,,
FY2025Q3,other_revenue,1028.0,usd_millions,gaap,global,measured,primary,0001403161-25-000051/q32025earningsrelease.htm,55644,55649,"1,028",Other revenue,,
FY2025Q3,payments_volume_growth_constant,8.0,percent,constant_dollar,global,measured,primary,0001403161-25-000051/q32025earningsrelease.htm,75011,75013,8%,Payments volume,,
FY2025Q3,payments_volume_growth_nominal,9.0,percent,nominal,global,measured,primary,0001403161-25-000051/q32025earningsrelease.htm,75255,75257,9%,Payments volume,,
FY2025Q3,payments_volume_prior_quarter_growth_constant,8.0,percent,constant_dollar,global,measured,primary,0001403161-25-000077/q42025earningsrelease.htm,27995,27997,8%,on which fiscal,,
FY2025Q3,processed_transactions_count,65400.00000000001,transactions_millions,count,global,measured,primary,0001403161-25-000051/q32025earningsrelease.htm,22402,22406,65.4,three months ended,,
FY2025Q3,processed_transactions_growth,10.0,percent,count,global,measured,primary,0001403161-25-000051/q32025earningsrelease.htm,77299,77302,10%,Processed transactions,,
FY2025Q3,service_revenue,4330.0,usd_millions,gaap,global,measured,primary,0001403161-25-000051/q32025earningsrelease.htm,52654,52659,"4,330",Service revenue,,
FY2025Q3,special_items,688.0,usd_millions,gaap,global,derived,primary,0001403161-25-000051/q32025earningsrelease.htm,59334,59339,"3,995",Total operating expenses,,Net amount removed from GAAP opex
FY2025Q3,tax_rate,0.167,ratio,gaap,global,measured,primary,0001403161-25-000051/q32025earningsrelease.htm,25077,25081,16.7,effective income tax rate was,,
FY2025Q4,cash_volume_nominal_us,628.0,usd_billions,nominal,global,measured,primary,0001403161-26-000045/v-20251231.htm,1174034,1174037,628,Cash volume(5),comparative,prior-year column; not a first print (DR-04)
FY2025Q4,cash_volume_nominal_us,644.0,usd_billions,nominal,global,measured,primary,0001403161-26-000045/v-20251231.htm,1173519,1173522,644,Cash volume(5),current,
FY2025Q4,cash_volume_nominal_us,478.0,usd_billions,nominal,international,measured,primary,0001403161-26-000045/v-20251231.htm,1173118,1173121,478,Cash volume(5),comparative,prior-year column; not a first print (DR-04)
FY2025Q4,cash_volume_nominal_us,491.0,usd_billions,nominal,international,measured,primary,0001403161-26-000045/v-20251231.htm,1172603,1172606,491,Cash volume(5),current,
FY2025Q4,cash_volume_nominal_us,151.0,usd_billions,nominal,us,measured,primary,0001403161-26-000045/v-20251231.htm,1172202,1172205,151,Cash volume(5),comparative,prior-year column; not a first print (DR-04)
FY2025Q4,cash_volume_nominal_us,153.0,usd_billions,nominal,us,measured,primary,0001403161-26-000045/v-20251231.htm,1171687,1171690,153,Cash volume(5),current,
FY2025Q4,client_incentives,4248.0,usd_millions,gaap,global,measured,primary,0001403161-25-000077/q42025earningsrelease.htm,79932,79939,"(4,248)",Client incentives,,
FY2025Q4,cross_border_ex_intra_europe_growth_constant,11.0,percent,constant_dollar,global,measured,primary,0001403161-25-000077/q42025earningsrelease.htm,113868,113871,11%,Cross-border volume excluding intra-Europe(2),,
FY2025Q4,cross_border_ex_intra_europe_growth_nominal,14.0,percent,nominal,global,measured,primary,0001403161-25-000077/q42025earningsrelease.htm,114113,114116,14%,Cross-border volume excluding intra-Europe(2),,
FY2025Q4,cross_border_total_growth_constant,12.0,percent,constant_dollar,global,measured,primary,0001403161-25-000077/q42025earningsrelease.htm,115056,115059,12%,Cross-border volume total,,
FY2025Q4,cross_border_total_growth_nominal,17.0,percent,nominal,global,measured,primary,0001403161-25-000077/q42025earningsrelease.htm,115301,115304,17%,Cross-border volume total,,
FY2025Q4,data_processing_revenue,5394.0,usd_millions,gaap,global,measured,primary,0001403161-25-000077/q42025earningsrelease.htm,74632,74637,"5,394",Data processing revenue,,
FY2025Q4,diluted_shares,1945.0,shares_millions,gaap,global,measured,primary,0001403161-25-000077/q42025earningsrelease.htm,251989,251994,"1,945",Class A common stock,,
FY2025Q4,eps_diluted_ex_special_items,2.98,usd_per_share,ex_special_items,global,measured,primary,0001403161-25-000077/q42025earningsrelease.htm,105736,105740,2.98,Earnings per share,,
FY2025Q4,eps_diluted_gaap,2.62,usd_per_share,gaap,global,measured,primary,0001403161-25-000077/q42025earningsrelease.htm,93612,93616,2.62,Earnings per share,,
FY2025Q4,international_transaction_revenue,3800.0,usd_millions,gaap,global,measured,primary,0001403161-25-000077/q42025earningsrelease.htm,76411,76416,"3,800",International transaction revenue,,
FY2025Q4,net_interest_other,75.0,usd_millions,gaap,global,measured,primary,0001403161-25-000077/q42025earningsrelease.htm,86688,86690,75,Non-operating income (expense),,
FY2025Q4,net_revenue,10724.0,usd_millions,gaap,global,measured,primary,0001403161-25-000077/q42025earningsrelease.htm,81928,81934,"10,724",Net revenue,,
FY2025Q4,operating_expenses_ex_special_items,3611.0,usd_millions,ex_special_items,global,measured,primary,0001403161-25-000077/q42025earningsrelease.htm,97089,97094,"3,611",Total operating expenses,,
FY2025Q4,operating_expenses_gaap,4576.0,usd_millions,gaap,global,measured,primary,0001403161-25-000077/q42025earningsrelease.htm,84690,84695,"4,576",Total operating expenses,,
FY2025Q4,operating_profit_ex_special_items,7113.0,usd_millions,ex_special_items,global,derived,primary,0001403161-25-000077/q42025earningsrelease.htm,97089,97094,"3,611",Total operating expenses,,
FY2025Q4,operating_profit_gaap,6148.0,usd_millions,gaap,global,derived,primary,0001403161-25-000077/q42025earningsrelease.htm,81928,81934,"10,724",Net revenue,,
FY2025Q4,other_revenue,1176.0,usd_millions,gaap,global,measured,primary,0001403161-25-000077/q42025earningsrelease.htm,78170,78175,"1,176",Other revenue,,
FY2025Q4,payments_volume_growth_constant,9.0,percent,constant_dollar,global,measured,primary,0001403161-25-000077/q42025earningsrelease.htm,112485,112487,9%,Payments volume,,
FY2025Q4,payments_volume_growth_nominal,9.0,percent,nominal,global,measured,primary,0001403161-25-000077/q42025earningsrelease.htm,112729,112731,9%,Payments volume,,
FY2025Q4,payments_volume_nominal_us,3409.0,usd_billions,nominal,global,measured,primary,0001403161-26-000045/v-20251231.htm,1170899,1170904,"3,409",Total nominal payments volume(4),comparative,prior-year column; not a first print (DR-04)
FY2025Q4,payments_volume_nominal_us,3732.0,usd_billions,nominal,global,measured,primary,0001403161-26-000045/v-20251231.htm,1170101,1170106,"3,732",Total nominal payments volume(4),current,
FY2025Q4,payments_volume_nominal_us,1760.0,usd_billions,nominal,international,measured,primary,0001403161-26-000045/v-20251231.htm,1169420,1169425,"1,760",Total nominal payments volume(4),comparative,prior-year column; not a first print (DR-04)
FY2025Q4,payments_volume_nominal_us,1957.0,usd_billions,nominal,international,measured,primary,0001403161-26-000045/v-20251231.htm,1168622,1168627,"1,957",Total nominal payments volume(4),current,
FY2025Q4,payments_volume_nominal_us,1649.0,usd_billions,nominal,us,measured,primary,0001403161-26-000045/v-20251231.htm,1167941,1167946,"1,649",Total nominal payments volume(4),comparative,prior-year column; not a first print (DR-04)
FY2025Q4,payments_volume_nominal_us,1775.0,usd_billions,nominal,us,measured,primary,0001403161-26-000045/v-20251231.htm,1167143,1167148,"1,775",Total nominal payments volume(4),current,
FY2025Q4,payments_volume_prior_quarter_growth_constant,9.0,percent,constant_dollar,global,measured,primary,0001403161-26-000044/q12026earningsrelease.htm,20797,20799,9%,on which fiscal,,
FY2025Q4,processed_transactions_count,67700.0,transactions_millions,count,global,measured,primary,0001403161-25-000077/q42025earningsrelease.htm,29562,29566,67.7,three months ended,,
FY2025Q4,processed_transactions_growth,10.0,percent,count,global,measured,primary,0001403161-25-000077/q42025earningsrelease.htm,116241,116244,10%,Processed transactions,,
FY2025Q4,service_revenue,4602.0,usd_millions,gaap,global,measured,primary,0001403161-25-000077/q42025earningsrelease.htm,72692,72697,"4,602",Service revenue,,
FY2025Q4,special_items,965.0,usd_millions,gaap,global,derived,primary,0001403161-25-000077/q42025earningsrelease.htm,84690,84695,"4,576",Total operating expenses,,Net amount removed from GAAP opex
FY2025Q4,tax_rate,0.182,ratio,gaap,global,measured,primary,0001403161-25-000077/q42025earningsrelease.htm,32324,32328,18.2,effective income tax rate was,,
FY2025Q4,total_volume_nominal_us,4037.0,usd_billions,nominal,global,measured,primary,0001403161-26-000045/v-20251231.htm,1179322,1179327,"4,037","Total nominal volume(4),(6)",comparative,prior-year column; not a first print (DR-04)
FY2025Q4,total_volume_nominal_us,4376.0,usd_billions,nominal,global,measured,primary,0001403161-26-000045/v-20251231.htm,1178434,1178439,"4,376","Total nominal volume(4),(6)",current,
FY2025Q4,total_volume_nominal_us,2237.0,usd_billions,nominal,international,measured,primary,0001403161-26-000045/v-20251231.htm,1177663,1177668,"2,237","Total nominal volume(4),(6)",comparative,prior-year column; not a first print (DR-04)
FY2025Q4,total_volume_nominal_us,2447.0,usd_billions,nominal,international,measured,primary,0001403161-26-000045/v-20251231.htm,1176775,1176780,"2,447","Total nominal volume(4),(6)",current,
FY2025Q4,total_volume_nominal_us,1800.0,usd_billions,nominal,us,measured,primary,0001403161-26-000045/v-20251231.htm,1176004,1176009,"1,800","Total nominal volume(4),(6)",comparative,prior-year column; not a first print (DR-04)
FY2025Q4,total_volume_nominal_us,1928.0,usd_billions,nominal,us,measured,primary,0001403161-26-000045/v-20251231.htm,1175116,1175121,"1,928","Total nominal volume(4),(6)",current,
FY2026Q1,cash_volume_nominal_us,630.0,usd_billions,nominal,global,measured,primary,0001403161-26-000079/v-20260331.htm,1401530,1401533,630,Cash volume(5),comparative,prior-year column; not a first print (DR-04)
FY2026Q1,cash_volume_nominal_us,658.0,usd_billions,nominal,global,measured,primary,0001403161-26-000079/v-20260331.htm,1401015,1401018,658,Cash volume(5),current,
FY2026Q1,cash_volume_nominal_us,481.0,usd_billions,nominal,international,measured,primary,0001403161-26-000079/v-20260331.htm,1400614,1400617,481,Cash volume(5),comparative,prior-year column; not a first print (DR-04)
FY2026Q1,cash_volume_nominal_us,509.0,usd_billions,nominal,international,measured,primary,0001403161-26-000079/v-20260331.htm,1400099,1400102,509,Cash volume(5),current,
FY2026Q1,cash_volume_nominal_us,150.0,usd_billions,nominal,us,measured,primary,0001403161-26-000079/v-20260331.htm,1399698,1399701,150,Cash volume(5),comparative,prior-year column; not a first print (DR-04)
FY2026Q1,cash_volume_nominal_us,150.0,usd_billions,nominal,us,measured,primary,0001403161-26-000079/v-20260331.htm,1399183,1399186,150,Cash volume(5),current,
FY2026Q1,client_incentives,4269.0,usd_millions,gaap,global,measured,primary,0001403161-26-000044/q12026earningsrelease.htm,57822,57829,"(4,269)",Client incentives,,
FY2026Q1,cross_border_ex_intra_europe_growth_constant,11.0,percent,constant_dollar,global,measured,primary,0001403161-26-000044/q12026earningsrelease.htm,77013,77016,11%,Cross-border volume excluding intra-Europe(2),,
FY2026Q1,cross_border_ex_intra_europe_growth_nominal,15.0,percent,nominal,global,measured,primary,0001403161-26-000044/q12026earningsrelease.htm,77258,77261,15%,Cross-border volume excluding intra-Europe(2),,
FY2026Q1,cross_border_total_growth_constant,12.0,percent,constant_dollar,global,measured,primary,0001403161-26-000044/q12026earningsrelease.htm,77711,77714,12%,Cross-border volume total,,
FY2026Q1,cross_border_total_growth_nominal,18.0,percent,nominal,global,measured,primary,0001403161-26-000044/q12026earningsrelease.htm,77956,77959,18%,Cross-border volume total,,
FY2026Q1,data_processing_revenue,5544.0,usd_millions,gaap,global,measured,primary,0001403161-26-000044/q12026earningsrelease.htm,54856,54861,"5,544",Data processing revenue,,
FY2026Q1,diluted_shares,1933.0,shares_millions,gaap,global,measured,primary,0001403161-26-000044/q12026earningsrelease.htm,189125,189130,"1,933",Class A common stock,,
FY2026Q1,eps_diluted_ex_special_items,3.17,usd_per_share,ex_special_items,global,measured,primary,0001403161-26-000044/q12026earningsrelease.htm,72232,72236,3.17,Earnings per share,,
FY2026Q1,eps_diluted_gaap,3.03,usd_per_share,gaap,global,measured,primary,0001403161-26-000044/q12026earningsrelease.htm,65442,65446,3.03,Earnings per share,,
FY2026Q1,international_transaction_revenue,3652.0,usd_millions,gaap,global,measured,primary,0001403161-26-000044/q12026earningsrelease.htm,55857,55862,"3,652",International transaction revenue,,
FY2026Q1,net_interest_other,-11.0,usd_millions,gaap,global,measured,primary,0001403161-26-000044/q12026earningsrelease.htm,61557,61561,(11),Non-operating income (expense),,
FY2026Q1,net_revenue,10901.0,usd_millions,gaap,global,measured,primary,0001403161-26-000044/q12026earningsrelease.htm,59044,59050,"10,901",Net revenue,,
FY2026Q1,operating_expenses_ex_special_items,3391.0,usd_millions,ex_special_items,global,measured,primary,0001403161-26-000044/q12026earningsrelease.htm,67451,67456,"3,391",Total operating expenses,,
FY2026Q1,operating_expenses_gaap,4164.0,usd_millions,gaap,global,measured,primary,0001403161-26-000044/q12026earningsrelease.htm,60509,60514,"4,164",Total operating expenses,,
FY2026Q1,operating_profit_ex_special_items,7510.0,usd_millions,ex_special_items,global,derived,primary,0001403161-26-000044/q12026earningsrelease.htm,67451,67456,"3,391",Total operating expenses,,
FY2026Q1,operating_profit_gaap,6737.0,usd_millions,gaap,global,derived,primary,0001403161-26-000044/q12026earningsrelease.htm,59044,59050,"10,901",Net revenue,,
FY2026Q1,other_revenue,1214.0,usd_millions,gaap,global,measured,primary,0001403161-26-000044/q12026earningsrelease.htm,56837,56842,"1,214",Other revenue,,
FY2026Q1,payments_volume_growth_constant,8.0,percent,constant_dollar,global,measured,primary,0001403161-26-000044/q12026earningsrelease.htm,76117,76119,8%,Payments volume,,
FY2026Q1,payments_volume_growth_nominal,10.0,percent,nominal,global,measured,primary,0001403161-26-000044/q12026earningsrelease.htm,76361,76364,10%,Payments volume,,
FY2026Q1,payments_volume_nominal_us,3525.0,usd_billions,nominal,global,measured,primary,0001403161-26-000079/v-20260331.htm,1398395,1398400,"3,525",Total nominal payments volume(4),comparative,prior-year column; not a first print (DR-04)
FY2026Q1,payments_volume_nominal_us,3868.0,usd_billions,nominal,global,measured,primary,0001403161-26-000079/v-20260331.htm,1397597,1397602,"3,868",Total nominal payments volume(4),current,
FY2026Q1,payments_volume_nominal_us,1804.0,usd_billions,nominal,international,measured,primary,0001403161-26-000079/v-20260331.htm,1396916,1396921,"1,804",Total nominal payments volume(4),comparative,prior-year column; not a first print (DR-04)
FY2026Q1,payments_volume_nominal_us,2033.0,usd_billions,nominal,international,measured,primary,0001403161-26-000079/v-20260331.htm,1396118,1396123,"2,033",Total nominal payments volume(4),current,
FY2026Q1,payments_volume_nominal_us,1720.0,usd_billions,nominal,us,measured,primary,0001403161-26-000079/v-20260331.htm,1395437,1395442,"1,720",Total nominal payments volume(4),comparative,prior-year column; not a first print (DR-04)
FY2026Q1,payments_volume_nominal_us,1835.0,usd_billions,nominal,us,measured,primary,0001403161-26-000079/v-20260331.htm,1394639,1394644,"1,835",Total nominal payments volume(4),current,
FY2026Q1,payments_volume_prior_quarter_growth_constant,8.0,percent,constant_dollar,global,measured,primary,0001403161-26-000077/q22026earningsrelease.htm,21243,21245,8%,on which fiscal,,
FY2026Q1,processed_transactions_count,69400.0,transactions_millions,count,global,measured,primary,0001403161-26-000044/q12026earningsrelease.htm,22387,22391,69.4,three months ended,,
FY2026Q1,processed_transactions_growth,9.0,percent,count,global,measured,primary,0001403161-26-000044/q12026earningsrelease.htm,78406,78408,9%,Processed transactions,,
FY2026Q1,service_revenue,4760.0,usd_millions,gaap,global,measured,primary,0001403161-26-000044/q12026earningsrelease.htm,53865,53870,"4,760",Service revenue,,
FY2026Q1,special_items,773.0,usd_millions,gaap,global,derived,primary,0001403161-26-000044/q12026earningsrelease.htm,60509,60514,"4,164",Total operating expenses,,Net amount removed from GAAP opex
FY2026Q1,tax_rate,0.13,ratio,gaap,global,measured,primary,0001403161-26-000044/q12026earningsrelease.htm,25017,25021,13.0,effective income tax rate was,,
FY2026Q1,total_volume_nominal_us,4155.0,usd_billions,nominal,global,measured,primary,0001403161-26-000079/v-20260331.htm,1406284,1406289,"4,155","Total nominal volume(4),(6)",comparative,prior-year column; not a first print (DR-04)
FY2026Q1,total_volume_nominal_us,4526.0,usd_billions,nominal,global,measured,primary,0001403161-26-000079/v-20260331.htm,1405492,1405497,"4,526","Total nominal volume(4),(6)",current,
FY2026Q1,total_volume_nominal_us,2285.0,usd_billions,nominal,international,measured,primary,0001403161-26-000079/v-20260331.htm,1404814,1404819,"2,285","Total nominal volume(4),(6)",comparative,prior-year column; not a first print (DR-04)
FY2026Q1,total_volume_nominal_us,2542.0,usd_billions,nominal,international,measured,primary,0001403161-26-000079/v-20260331.htm,1404022,1404027,"2,542","Total nominal volume(4),(6)",current,
FY2026Q1,total_volume_nominal_us,1870.0,usd_billions,nominal,us,measured,primary,0001403161-26-000079/v-20260331.htm,1403344,1403349,"1,870","Total nominal volume(4),(6)",comparative,prior-year column; not a first print (DR-04)
FY2026Q1,total_volume_nominal_us,1984.0,usd_billions,nominal,us,measured,primary,0001403161-26-000079/v-20260331.htm,1402552,1402557,"1,984","Total nominal volume(4),(6)",current,
FY2026Q2,client_incentives,4245.0,usd_millions,gaap,global,measured,primary,0001403161-26-000077/q22026earningsrelease.htm,60127,60134,"(4,245)",Client incentives,,
FY2026Q2,cross_border_ex_intra_europe_growth_constant,11.0,percent,constant_dollar,global,measured,primary,0001403161-26-000077/q22026earningsrelease.htm,79093,79096,11%,Cross-border volume excluding intra-Europe(2),,
FY2026Q2,cross_border_ex_intra_europe_growth_nominal,17.0,percent,nominal,global,measured,primary,0001403161-26-000077/q22026earningsrelease.htm,79338,79341,17%,Cross-border volume excluding intra-Europe(2),,
FY2026Q2,cross_border_total_growth_constant,12.0,percent,constant_dollar,global,measured,primary,0001403161-26-000077/q22026earningsrelease.htm,79791,79794,12%,Cross-border volume total,,
FY2026Q2,cross_border_total_growth_nominal,21.0,percent,nominal,global,measured,primary,0001403161-26-000077/q22026earningsrelease.htm,80036,80039,21%,Cross-border volume total,,
FY2026Q2,data_processing_revenue,5543.0,usd_millions,gaap,global,measured,primary,0001403161-26-000077/q22026earningsrelease.htm,57160,57165,"5,543",Data processing revenue,,
FY2026Q2,diluted_shares,1916.0,shares_millions,gaap,global,measured,primary,0001403161-26-000077/q22026earningsrelease.htm,214943,214948,"1,916",Class A common stock,,
FY2026Q2,eps_diluted_ex_special_items,3.31,usd_per_share,ex_special_items,global,measured,primary,0001403161-26-000077/q22026earningsrelease.htm,74312,74316,3.31,Earnings per share,,
FY2026Q2,eps_diluted_gaap,3.14,usd_per_share,gaap,global,measured,primary,0001403161-26-000077/q22026earningsrelease.htm,67521,67525,3.14,Earnings per share,,
FY2026Q2,international_transaction_revenue,3631.0,usd_millions,gaap,global,measured,primary,0001403161-26-000077/q22026earningsrelease.htm,58161,58166,"3,631",International transaction revenue,,
FY2026Q2,net_interest_other,-60.0,usd_millions,gaap,global,measured,primary,0001403161-26-000077/q22026earningsrelease.htm,63863,63867,(60),Non-operating income (expense),,
FY2026Q2,net_revenue,11230.0,usd_millions,gaap,global,measured,primary,0001403161-26-000077/q22026earningsrelease.htm,61349,61355,"11,230",Net revenue,,
FY2026Q2,operating_expenses_ex_special_items,3599.0,usd_millions,ex_special_items,global,measured,primary,0001403161-26-000077/q22026earningsrelease.htm,69530,69535,"3,599",Total operating expenses,,
FY2026Q2,operating_expenses_gaap,3996.0,usd_millions,gaap,global,measured,primary,0001403161-26-000077/q22026earningsrelease.htm,62814,62819,"3,996",Total operating expenses,,
FY2026Q2,operating_profit_ex_special_items,7631.0,usd_millions,ex_special_items,global,derived,primary,0001403161-26-000077/q22026earningsrelease.htm,69530,69535,"3,599",Total operating expenses,,
FY2026Q2,operating_profit_gaap,7234.0,usd_millions,gaap,global,derived,primary,0001403161-26-000077/q22026earningsrelease.htm,61349,61355,"11,230",Net revenue,,
FY2026Q2,other_revenue,1320.0,usd_millions,gaap,global,measured,primary,0001403161-26-000077/q22026earningsrelease.htm,59142,59147,"1,320",Other revenue,,
FY2026Q2,payments_volume_growth_constant,9.0,percent,constant_dollar,global,measured,primary,0001403161-26-000077/q22026earningsrelease.htm,78197,78199,9%,Payments volume,,
FY2026Q2,payments_volume_growth_nominal,11.0,percent,nominal,global,measured,primary,0001403161-26-000077/q22026earningsrelease.htm,78441,78444,11%,Payments volume,,
FY2026Q2,payments_volume_prior_quarter_growth_constant,9.0,percent,constant_dollar,global,measured,primary,0001403161-26-000103/q32026earningsrelease.htm,21435,21437,9%,on which fiscal,,
FY2026Q2,processed_transactions_count,66100.0,transactions_millions,count,global,measured,primary,0001403161-26-000077/q22026earningsrelease.htm,22824,22828,66.1,three months ended,,
FY2026Q2,processed_transactions_growth,9.0,percent,count,global,measured,primary,0001403161-26-000077/q22026earningsrelease.htm,80486,80488,9%,Processed transactions,,
FY2026Q2,service_revenue,4981.0,usd_millions,gaap,global,measured,primary,0001403161-26-000077/q22026earningsrelease.htm,56169,56174,"4,981",Service revenue,,
FY2026Q2,special_items,397.0,usd_millions,gaap,global,derived,primary,0001403161-26-000077/q22026earningsrelease.htm,62814,62819,"3,996",Total operating expenses,,Net amount removed from GAAP opex
FY2026Q2,tax_rate,0.161,ratio,gaap,global,measured,primary,0001403161-26-000077/q22026earningsrelease.htm,25430,25434,16.1,effective income tax rate was,,
FY2026Q3,client_incentives,4680.0,usd_millions,gaap,global,measured,primary,0001403161-26-000103/q32026earningsrelease.htm,59110,59117,"(4,680)",Client incentives,,
FY2026Q3,cross_border_ex_intra_europe_growth_constant,12.0,percent,constant_dollar,global,measured,primary,0001403161-26-000103/q32026earningsrelease.htm,78609,78612,12%,Cross-border volume excluding intra-Europe(2),,
FY2026Q3,cross_border_ex_intra_europe_growth_nominal,14.0,percent,nominal,global,measured,primary,0001403161-26-000103/q32026earningsrelease.htm,78867,78870,14%,Cross-border volume excluding intra-Europe(2),,
FY2026Q3,cross_border_total_growth_constant,13.0,percent,constant_dollar,global,measured,primary,0001403161-26-000103/q32026earningsrelease.htm,79346,79349,13%,Cross-border volume total,,
FY2026Q3,cross_border_total_growth_nominal,15.0,percent,nominal,global,measured,primary,0001403161-26-000103/q32026earningsrelease.htm,79604,79607,15%,Cross-border volume total,,
FY2026Q3,data_processing_revenue,6042.0,usd_millions,gaap,global,measured,primary,0001403161-26-000103/q32026earningsrelease.htm,56069,56074,"6,042",Data processing revenue,,
FY2026Q3,diluted_shares,1898.0,shares_millions,gaap,global,measured,primary,0001403161-26-000103/q32026earningsrelease.htm,226617,226622,"1,898",Class A common stock,,
FY2026Q3,eps_diluted_ex_special_items,3.32,usd_per_share,ex_special_items,global,measured,primary,0001403161-26-000103/q32026earningsrelease.htm,73889,73893,3.32,Earnings per share,,
FY2026Q3,eps_diluted_gaap,2.97,usd_per_share,gaap,global,measured,primary,0001403161-26-000103/q32026earningsrelease.htm,66925,66929,2.97,Earnings per share,,
FY2026Q3,international_transaction_revenue,3853.0,usd_millions,gaap,global,measured,primary,0001403161-26-000103/q32026earningsrelease.htm,57095,57100,"3,853",International transaction revenue,,
FY2026Q3,net_interest_other,-44.0,usd_millions,gaap,global,measured,primary,0001403161-26-000103/q32026earningsrelease.htm,62942,62946,(44),Non-operating income (expense),,
FY2026Q3,net_revenue,11633.0,usd_millions,gaap,global,measured,primary,0001403161-26-000103/q32026earningsrelease.htm,60368,60374,"11,633",Net revenue,,
FY2026Q3,operating_expenses_ex_special_items,3878.0,usd_millions,ex_special_items,global,measured,primary,0001403161-26-000103/q32026earningsrelease.htm,68983,68988,"3,878",Total operating expenses,,
FY2026Q3,operating_expenses_gaap,4756.0,usd_millions,gaap,global,measured,primary,0001403161-26-000103/q32026earningsrelease.htm,61869,61874,"4,756",Total operating expenses,,
FY2026Q3,operating_profit_ex_special_items,7755.0,usd_millions,ex_special_items,global,derived,primary,0001403161-26-000103/q32026earningsrelease.htm,68983,68988,"3,878",Total operating expenses,,
FY2026Q3,operating_profit_gaap,6877.0,usd_millions,gaap,global,derived,primary,0001403161-26-000103/q32026earningsrelease.htm,60368,60374,"11,633",Net revenue,,
FY2026Q3,other_revenue,1496.0,usd_millions,gaap,global,measured,primary,0001403161-26-000103/q32026earningsrelease.htm,58100,58105,"1,496",Other revenue,,
FY2026Q3,payments_volume_growth_constant,10.0,percent,constant_dollar,global,measured,primary,0001403161-26-000103/q32026earningsrelease.htm,77673,77676,10%,Payments volume,,
FY2026Q3,payments_volume_growth_nominal,11.0,percent,nominal,global,measured,primary,0001403161-26-000103/q32026earningsrelease.htm,77931,77934,11%,Payments volume,,
FY2026Q3,processed_transactions_count,71700.0,transactions_millions,count,global,measured,primary,0001403161-26-000103/q32026earningsrelease.htm,23053,23057,71.7,three months ended,,
FY2026Q3,processed_transactions_growth,10.0,percent,count,global,measured,primary,0001403161-26-000103/q32026earningsrelease.htm,80080,80083,10%,Processed transactions,,
FY2026Q3,service_revenue,4922.0,usd_millions,gaap,global,measured,primary,0001403161-26-000103/q32026earningsrelease.htm,55053,55058,"4,922",Service revenue,,
FY2026Q3,special_items,878.0,usd_millions,gaap,global,derived,primary,0001403161-26-000103/q32026earningsrelease.htm,61869,61874,"4,756",Total operating expenses,,Net amount removed from GAAP opex
FY2026Q3,tax_rate,0.176,ratio,gaap,global,measured,primary,0001403161-26-000103/q32026earningsrelease.htm,25703,25707,17.6,effective income tax rate was,,
TTM_2021-06-30,cash_volume_nominal_us,2619.0,usd_billions,nominal,global,measured,primary,0001403161-22-000081/v-20220930.htm,870069,870074,"2,619",Cash volume(5),comparative,prior-year column; not a first print (DR-04)
TTM_2021-06-30,cash_volume_nominal_us,2559.0,usd_billions,nominal,global,measured,primary,0001403161-22-000081/v-20220930.htm,869659,869664,"2,559",Cash volume(5),current,
TTM_2021-06-30,cash_volume_nominal_us,2046.0,usd_billions,nominal,international,measured,primary,0001403161-22-000081/v-20220930.htm,868728,868733,"2,046",Cash volume(5),comparative,prior-year column; not a first print (DR-04)
TTM_2021-06-30,cash_volume_nominal_us,1924.0,usd_billions,nominal,international,measured,primary,0001403161-22-000081/v-20220930.htm,868318,868323,"1,924",Cash volume(5),current,
TTM_2021-06-30,cash_volume_nominal_us,573.0,usd_billions,nominal,us,measured,primary,0001403161-22-000081/v-20220930.htm,867389,867392,573,Cash volume(5),comparative,prior-year column; not a first print (DR-04)
TTM_2021-06-30,cash_volume_nominal_us,635.0,usd_billions,nominal,us,measured,primary,0001403161-22-000081/v-20220930.htm,866981,866984,635,Cash volume(5),current,
TTM_2021-06-30,payments_volume_nominal_us,8715.0,usd_billions,nominal,global,measured,primary,0001403161-22-000081/v-20220930.htm,865664,865669,"8,715",Total nominal payments volume(2),comparative,prior-year column; not a first print (DR-04)
TTM_2021-06-30,payments_volume_nominal_us,9971.0,usd_billions,nominal,global,measured,primary,0001403161-22-000081/v-20220930.htm,864971,864976,"9,971",Total nominal payments volume(2),current,
TTM_2021-06-30,payments_volume_nominal_us,4708.0,usd_billions,nominal,international,measured,primary,0001403161-22-000081/v-20220930.htm,863757,863762,"4,708",Total nominal payments volume(2),comparative,prior-year column; not a first print (DR-04)
TTM_2021-06-30,payments_volume_nominal_us,5245.0,usd_billions,nominal,international,measured,primary,0001403161-22-000081/v-20220930.htm,863064,863069,"5,245",Total nominal payments volume(2),current,
TTM_2021-06-30,payments_volume_nominal_us,4007.0,usd_billions,nominal,us,measured,primary,0001403161-22-000081/v-20220930.htm,861850,861855,"4,007",Total nominal payments volume(2),comparative,prior-year column; not a first print (DR-04)
TTM_2021-06-30,payments_volume_nominal_us,4725.0,usd_billions,nominal,us,measured,primary,0001403161-22-000081/v-20220930.htm,861157,861162,"4,725",Total nominal payments volume(2),current,
TTM_2021-06-30,total_volume_nominal_us,11334.0,usd_billions,nominal,global,measured,primary,0001403161-22-000081/v-20220930.htm,876692,876698,"11,334","Total nominal volume(2),(6)",comparative,prior-year column; not a first print (DR-04)
TTM_2021-06-30,total_volume_nominal_us,12530.0,usd_billions,nominal,global,measured,primary,0001403161-22-000081/v-20220930.htm,875899,875905,"12,530","Total nominal volume(2),(6)",current,
TTM_2021-06-30,total_volume_nominal_us,6753.0,usd_billions,nominal,international,measured,primary,0001403161-22-000081/v-20220930.htm,874587,874592,"6,753","Total nominal volume(2),(6)",comparative,prior-year column; not a first print (DR-04)
TTM_2021-06-30,total_volume_nominal_us,7170.0,usd_billions,nominal,international,measured,primary,0001403161-22-000081/v-20220930.htm,873795,873800,"7,170","Total nominal volume(2),(6)",current,
TTM_2021-06-30,total_volume_nominal_us,4580.0,usd_billions,nominal,us,measured,primary,0001403161-22-000081/v-20220930.htm,872482,872487,"4,580","Total nominal volume(2),(6)",comparative,prior-year column; not a first print (DR-04)
TTM_2021-06-30,total_volume_nominal_us,5360.0,usd_billions,nominal,us,measured,primary,0001403161-22-000081/v-20220930.htm,871690,871695,"5,360","Total nominal volume(2),(6)",current,
TTM_2022-06-30,cash_volume_nominal_us,2559.0,usd_billions,nominal,global,measured,primary,0001403161-23-000099/v-20230930.htm,726197,726202,"2,559",Cash volume(5),comparative,prior-year column; not a first print (DR-04)
TTM_2022-06-30,cash_volume_nominal_us,2559.0,usd_billions,nominal,global,measured,primary,0001403161-22-000081/v-20220930.htm,825391,825396,"2,559",Cash volume(5),comparative,prior-year column; not a first print (DR-04)
TTM_2022-06-30,cash_volume_nominal_us,2560.0,usd_billions,nominal,global,measured,primary,0001403161-23-000099/v-20230930.htm,725787,725792,"2,560",Cash volume(5),current,
TTM_2022-06-30,cash_volume_nominal_us,2562.0,usd_billions,nominal,global,measured,primary,0001403161-22-000081/v-20220930.htm,824868,824873,"2,562",Cash volume(5),current,
TTM_2022-06-30,cash_volume_nominal_us,1925.0,usd_billions,nominal,international,measured,primary,0001403161-23-000099/v-20230930.htm,724851,724856,"1,925",Cash volume(5),comparative,prior-year column; not a first print (DR-04)
TTM_2022-06-30,cash_volume_nominal_us,1924.0,usd_billions,nominal,international,measured,primary,0001403161-22-000081/v-20220930.htm,823932,823937,"1,924",Cash volume(5),comparative,prior-year column; not a first print (DR-04)
TTM_2022-06-30,cash_volume_nominal_us,1929.0,usd_billions,nominal,international,measured,primary,0001403161-23-000099/v-20230930.htm,724441,724446,"1,929",Cash volume(5),current,
TTM_2022-06-30,cash_volume_nominal_us,1931.0,usd_billions,nominal,international,measured,primary,0001403161-22-000081/v-20220930.htm,823409,823414,"1,931",Cash volume(5),current,
TTM_2022-06-30,cash_volume_nominal_us,635.0,usd_billions,nominal,us,measured,primary,0001403161-23-000099/v-20230930.htm,723512,723515,635,Cash volume(5),comparative,prior-year column; not a first print (DR-04)
TTM_2022-06-30,cash_volume_nominal_us,635.0,usd_billions,nominal,us,measured,primary,0001403161-22-000081/v-20220930.htm,822480,822483,635,Cash volume(5),comparative,prior-year column; not a first print (DR-04)
TTM_2022-06-30,cash_volume_nominal_us,631.0,usd_billions,nominal,us,measured,primary,0001403161-23-000099/v-20230930.htm,723104,723107,631,Cash volume(5),current,
TTM_2022-06-30,cash_volume_nominal_us,631.0,usd_billions,nominal,us,measured,primary,0001403161-22-000081/v-20220930.htm,821959,821962,631,Cash volume(5),current,
TTM_2022-06-30,payments_volume_nominal_us,9973.0,usd_billions,nominal,global,measured,primary,0001403161-23-000099/v-20230930.htm,721787,721792,"9,973",Total nominal payments volume(2),comparative,prior-year column; not a first print (DR-04)
TTM_2022-06-30,payments_volume_nominal_us,9971.0,usd_billions,nominal,global,measured,primary,0001403161-22-000081/v-20220930.htm,820642,820647,"9,971",Total nominal payments volume(2),comparative,prior-year column; not a first print (DR-04)
TTM_2022-06-30,payments_volume_nominal_us,11470.0,usd_billions,nominal,global,measured,primary,0001403161-23-000099/v-20230930.htm,721093,721099,"11,470",Total nominal payments volume(2),current,
TTM_2022-06-30,payments_volume_nominal_us,11464.0,usd_billions,nominal,global,measured,primary,0001403161-22-000081/v-20220930.htm,819835,819841,"11,464",Total nominal payments volume(2),current,
TTM_2022-06-30,payments_volume_nominal_us,5248.0,usd_billions,nominal,international,measured,primary,0001403161-23-000099/v-20230930.htm,719879,719884,"5,248",Total nominal payments volume(2),comparative,prior-year column; not a first print (DR-04)
TTM_2022-06-30,payments_volume_nominal_us,5245.0,usd_billions,nominal,international,measured,primary,0001403161-22-000081/v-20220930.htm,818621,818626,"5,245",Total nominal payments volume(2),comparative,prior-year column; not a first print (DR-04)
TTM_2022-06-30,payments_volume_nominal_us,5922.0,usd_billions,nominal,international,measured,primary,0001403161-23-000099/v-20230930.htm,719186,719191,"5,922",Total nominal payments volume(2),current,
TTM_2022-06-30,payments_volume_nominal_us,5918.0,usd_billions,nominal,international,measured,primary,0001403161-22-000081/v-20220930.htm,817815,817820,"5,918",Total nominal payments volume(2),current,
TTM_2022-06-30,payments_volume_nominal_us,4725.0,usd_billions,nominal,us,measured,primary,0001403161-23-000099/v-20230930.htm,717972,717977,"4,725",Total nominal payments volume(2),comparative,prior-year column; not a first print (DR-04)
TTM_2022-06-30,payments_volume_nominal_us,4725.0,usd_billions,nominal,us,measured,primary,0001403161-22-000081/v-20220930.htm,816601,816606,"4,725",Total nominal payments volume(2),comparative,prior-year column; not a first print (DR-04)
TTM_2022-06-30,payments_volume_nominal_us,5548.0,usd_billions,nominal,us,measured,primary,0001403161-23-000099/v-20230930.htm,717279,717284,"5,548",Total nominal payments volume(2),current,
TTM_2022-06-30,payments_volume_nominal_us,5546.0,usd_billions,nominal,us,measured,primary,0001403161-22-000081/v-20220930.htm,815795,815800,"5,546",Total nominal payments volume(2),current,
TTM_2022-06-30,total_volume_nominal_us,12532.0,usd_billions,nominal,global,measured,primary,0001403161-23-000099/v-20230930.htm,732825,732831,"12,532","Total nominal volume(2),(6)",comparative,prior-year column; not a first print (DR-04)
TTM_2022-06-30,total_volume_nominal_us,12530.0,usd_billions,nominal,global,measured,primary,0001403161-22-000081/v-20220930.htm,832358,832364,"12,530","Total nominal volume(2),(6)",comparative,prior-year column; not a first print (DR-04)
TTM_2022-06-30,total_volume_nominal_us,14030.0,usd_billions,nominal,global,measured,primary,0001403161-23-000099/v-20230930.htm,732032,732038,"14,030","Total nominal volume(2),(6)",current,
TTM_2022-06-30,total_volume_nominal_us,14025.0,usd_billions,nominal,global,measured,primary,0001403161-22-000081/v-20220930.htm,831452,831458,"14,025","Total nominal volume(2),(6)",current,
TTM_2022-06-30,total_volume_nominal_us,7172.0,usd_billions,nominal,international,measured,primary,0001403161-23-000099/v-20230930.htm,730720,730725,"7,172","Total nominal volume(2),(6)",comparative,prior-year column; not a first print (DR-04)
TTM_2022-06-30,total_volume_nominal_us,7170.0,usd_billions,nominal,international,measured,primary,0001403161-22-000081/v-20220930.htm,830140,830145,"7,170","Total nominal volume(2),(6)",comparative,prior-year column; not a first print (DR-04)
TTM_2022-06-30,total_volume_nominal_us,7851.0,usd_billions,nominal,international,measured,primary,0001403161-23-000099/v-20230930.htm,729928,729933,"7,851","Total nominal volume(2),(6)",current,
TTM_2022-06-30,total_volume_nominal_us,7849.0,usd_billions,nominal,international,measured,primary,0001403161-22-000081/v-20220930.htm,829235,829240,"7,849","Total nominal volume(2),(6)",current,
TTM_2022-06-30,total_volume_nominal_us,5360.0,usd_billions,nominal,us,measured,primary,0001403161-23-000099/v-20230930.htm,728615,728620,"5,360","Total nominal volume(2),(6)",comparative,prior-year column; not a first print (DR-04)
TTM_2022-06-30,total_volume_nominal_us,5360.0,usd_billions,nominal,us,measured,primary,0001403161-22-000081/v-20220930.htm,827922,827927,"5,360","Total nominal volume(2),(6)",comparative,prior-year column; not a first print (DR-04)
TTM_2022-06-30,total_volume_nominal_us,6179.0,usd_billions,nominal,us,measured,primary,0001403161-23-000099/v-20230930.htm,727823,727828,"6,179","Total nominal volume(2),(6)",current,
TTM_2022-06-30,total_volume_nominal_us,6177.0,usd_billions,nominal,us,measured,primary,0001403161-22-000081/v-20220930.htm,827017,827022,"6,177","Total nominal volume(2),(6)",current,
TTM_2023-06-30,cash_volume_nominal_us,2560.0,usd_billions,nominal,global,measured,primary,0001403161-23-000099/v-20230930.htm,682532,682537,"2,560",Cash volume(5),comparative,prior-year column; not a first print (DR-04)
TTM_2023-06-30,cash_volume_nominal_us,2558.0,usd_billions,nominal,global,measured,primary,0001403161-24-000058/v-20240930.htm,774292,774297,"2,558",Cash volume(5),comparative,prior-year column; not a first print (DR-04)
TTM_2023-06-30,cash_volume_nominal_us,2453.0,usd_billions,nominal,global,measured,primary,0001403161-23-000099/v-20230930.htm,682009,682014,"2,453",Cash volume(5),current,
TTM_2023-06-30,cash_volume_nominal_us,2454.0,usd_billions,nominal,global,measured,primary,0001403161-24-000058/v-20240930.htm,773890,773895,"2,454",Cash volume(5),current,
TTM_2023-06-30,cash_volume_nominal_us,1929.0,usd_billions,nominal,international,measured,primary,0001403161-23-000099/v-20230930.htm,681078,681083,"1,929",Cash volume(5),comparative,prior-year column; not a first print (DR-04)
TTM_2023-06-30,cash_volume_nominal_us,1927.0,usd_billions,nominal,international,measured,primary,0001403161-24-000058/v-20240930.htm,772971,772976,"1,927",Cash volume(5),comparative,prior-year column; not a first print (DR-04)
TTM_2023-06-30,cash_volume_nominal_us,1844.0,usd_billions,nominal,international,measured,primary,0001403161-23-000099/v-20230930.htm,680555,680560,"1,844",Cash volume(5),current,
TTM_2023-06-30,cash_volume_nominal_us,1844.0,usd_billions,nominal,international,measured,primary,0001403161-24-000058/v-20240930.htm,772569,772574,"1,844",Cash volume(5),current,
TTM_2023-06-30,cash_volume_nominal_us,631.0,usd_billions,nominal,us,measured,primary,0001403161-23-000099/v-20230930.htm,679626,679629,631,Cash volume(5),comparative,prior-year column; not a first print (DR-04)
TTM_2023-06-30,cash_volume_nominal_us,631.0,usd_billions,nominal,us,measured,primary,0001403161-24-000058/v-20240930.htm,771652,771655,631,Cash volume(5),comparative,prior-year column; not a first print (DR-04)
TTM_2023-06-30,cash_volume_nominal_us,608.0,usd_billions,nominal,us,measured,primary,0001403161-23-000099/v-20230930.htm,679105,679108,608,Cash volume(5),current,
TTM_2023-06-30,cash_volume_nominal_us,610.0,usd_billions,nominal,us,measured,primary,0001403161-24-000058/v-20240930.htm,771252,771255,610,Cash volume(5),current,
TTM_2023-06-30,payments_volume_nominal_us,11470.0,usd_billions,nominal,global,measured,primary,0001403161-23-000099/v-20230930.htm,677788,677794,"11,470",Total nominal payments volume(2),comparative,prior-year column; not a first print (DR-04)
TTM_2023-06-30,payments_volume_nominal_us,11469.0,usd_billions,nominal,global,measured,primary,0001403161-24-000058/v-20240930.htm,769944,769950,"11,469",Total nominal payments volume(2),comparative,prior-year column; not a first print (DR-04)
TTM_2023-06-30,payments_volume_nominal_us,12074.0,usd_billions,nominal,global,measured,primary,0001403161-23-000099/v-20230930.htm,676981,676987,"12,074",Total nominal payments volume(2),current,
TTM_2023-06-30,payments_volume_nominal_us,12087.0,usd_billions,nominal,global,measured,primary,0001403161-24-000058/v-20240930.htm,769258,769264,"12,087",Total nominal payments volume(2),current,
TTM_2023-06-30,payments_volume_nominal_us,5922.0,usd_billions,nominal,international,measured,primary,0001403161-23-000099/v-20230930.htm,675768,675773,"5,922",Total nominal payments volume(2),comparative,prior-year column; not a first print (DR-04)
TTM_2023-06-30,payments_volume_nominal_us,5921.0,usd_billions,nominal,international,measured,primary,0001403161-24-000058/v-20240930.htm,768058,768063,"5,921",Total nominal payments volume(2),comparative,prior-year column; not a first print (DR-04)
TTM_2023-06-30,payments_volume_nominal_us,6029.0,usd_billions,nominal,international,measured,primary,0001403161-23-000099/v-20230930.htm,674962,674967,"6,029",Total nominal payments volume(2),current,
TTM_2023-06-30,payments_volume_nominal_us,6042.0,usd_billions,nominal,international,measured,primary,0001403161-24-000058/v-20240930.htm,767373,767378,"6,042",Total nominal payments volume(2),current,
TTM_2023-06-30,payments_volume_nominal_us,5548.0,usd_billions,nominal,us,measured,primary,0001403161-23-000099/v-20230930.htm,673749,673754,"5,548",Total nominal payments volume(2),comparative,prior-year column; not a first print (DR-04)
TTM_2023-06-30,payments_volume_nominal_us,5548.0,usd_billions,nominal,us,measured,primary,0001403161-24-000058/v-20240930.htm,766173,766178,"5,548",Total nominal payments volume(2),comparative,prior-year column; not a first print (DR-04)
TTM_2023-06-30,payments_volume_nominal_us,6045.0,usd_billions,nominal,us,measured,primary,0001403161-23-000099/v-20230930.htm,672943,672948,"6,045",Total nominal payments volume(2),current,
TTM_2023-06-30,payments_volume_nominal_us,6044.0,usd_billions,nominal,us,measured,primary,0001403161-24-000058/v-20240930.htm,765488,765493,"6,044",Total nominal payments volume(2),current,
TTM_2023-06-30,total_volume_nominal_us,14030.0,usd_billions,nominal,global,measured,primary,0001403161-23-000099/v-20230930.htm,689499,689505,"14,030","Total nominal volume(2),(6)",comparative,prior-year column; not a first print (DR-04)
TTM_2023-06-30,total_volume_nominal_us,14026.0,usd_billions,nominal,global,measured,primary,0001403161-24-000058/v-20240930.htm,780862,780868,"14,026","Total nominal volume(2),(6)",comparative,prior-year column; not a first print (DR-04)
TTM_2023-06-30,total_volume_nominal_us,14526.0,usd_billions,nominal,global,measured,primary,0001403161-23-000099/v-20230930.htm,688593,688599,"14,526","Total nominal volume(2),(6)",current,
TTM_2023-06-30,total_volume_nominal_us,14541.0,usd_billions,nominal,global,measured,primary,0001403161-24-000058/v-20240930.htm,780077,780083,"14,541","Total nominal volume(2),(6)",current,
TTM_2023-06-30,total_volume_nominal_us,7851.0,usd_billions,nominal,international,measured,primary,0001403161-23-000099/v-20230930.htm,687275,687280,"7,851","Total nominal volume(2),(6)",comparative,prior-year column; not a first print (DR-04)
TTM_2023-06-30,total_volume_nominal_us,7847.0,usd_billions,nominal,international,measured,primary,0001403161-24-000058/v-20240930.htm,778772,778777,"7,847","Total nominal volume(2),(6)",comparative,prior-year column; not a first print (DR-04)
TTM_2023-06-30,total_volume_nominal_us,7873.0,usd_billions,nominal,international,measured,primary,0001403161-23-000099/v-20230930.htm,686370,686375,"7,873","Total nominal volume(2),(6)",current,
TTM_2023-06-30,total_volume_nominal_us,7886.0,usd_billions,nominal,international,measured,primary,0001403161-24-000058/v-20240930.htm,777988,777993,"7,886","Total nominal volume(2),(6)",current,
TTM_2023-06-30,total_volume_nominal_us,6179.0,usd_billions,nominal,us,measured,primary,0001403161-23-000099/v-20230930.htm,685058,685063,"6,179","Total nominal volume(2),(6)",comparative,prior-year column; not a first print (DR-04)
TTM_2023-06-30,total_volume_nominal_us,6179.0,usd_billions,nominal,us,measured,primary,0001403161-24-000058/v-20240930.htm,776689,776694,"6,179","Total nominal volume(2),(6)",comparative,prior-year column; not a first print (DR-04)
TTM_2023-06-30,total_volume_nominal_us,6653.0,usd_billions,nominal,us,measured,primary,0001403161-23-000099/v-20230930.htm,684153,684158,"6,653","Total nominal volume(2),(6)",current,
TTM_2023-06-30,total_volume_nominal_us,6654.0,usd_billions,nominal,us,measured,primary,0001403161-24-000058/v-20240930.htm,775905,775910,"6,654","Total nominal volume(2),(6)",current,
TTM_2024-06-30,cash_volume_nominal_us,2454.0,usd_billions,nominal,global,measured,primary,0001403161-24-000058/v-20240930.htm,730244,730249,"2,454",Cash volume(5),comparative,prior-year column; not a first print (DR-04)
TTM_2024-06-30,cash_volume_nominal_us,2496.0,usd_billions,nominal,global,measured,primary,0001403161-24-000058/v-20240930.htm,729729,729734,"2,496",Cash volume(5),current,
TTM_2024-06-30,cash_volume_nominal_us,1844.0,usd_billions,nominal,international,measured,primary,0001403161-24-000058/v-20240930.htm,728812,728817,"1,844",Cash volume(5),comparative,prior-year column; not a first print (DR-04)
TTM_2024-06-30,cash_volume_nominal_us,1893.0,usd_billions,nominal,international,measured,primary,0001403161-24-000058/v-20240930.htm,728297,728302,"1,893",Cash volume(5),current,
TTM_2024-06-30,cash_volume_nominal_us,610.0,usd_billions,nominal,us,measured,primary,0001403161-24-000058/v-20240930.htm,727380,727383,610,Cash volume(5),comparative,prior-year column; not a first print (DR-04)
TTM_2024-06-30,cash_volume_nominal_us,604.0,usd_billions,nominal,us,measured,primary,0001403161-24-000058/v-20240930.htm,726867,726870,604,Cash volume(5),current,
TTM_2024-06-30,payments_volume_nominal_us,12087.0,usd_billions,nominal,global,measured,primary,0001403161-24-000058/v-20240930.htm,725559,725565,"12,087",Total nominal payments volume(2),comparative,prior-year column; not a first print (DR-04)
TTM_2024-06-30,payments_volume_nominal_us,12984.0,usd_billions,nominal,global,measured,primary,0001403161-24-000058/v-20240930.htm,724760,724766,"12,984",Total nominal payments volume(2),current,
TTM_2024-06-30,payments_volume_nominal_us,6042.0,usd_billions,nominal,international,measured,primary,0001403161-24-000058/v-20240930.htm,723560,723565,"6,042",Total nominal payments volume(2),comparative,prior-year column; not a first print (DR-04)
TTM_2024-06-30,payments_volume_nominal_us,6597.0,usd_billions,nominal,international,measured,primary,0001403161-24-000058/v-20240930.htm,722762,722767,"6,597",Total nominal payments volume(2),current,
TTM_2024-06-30,payments_volume_nominal_us,6044.0,usd_billions,nominal,us,measured,primary,0001403161-24-000058/v-20240930.htm,721562,721567,"6,044",Total nominal payments volume(2),comparative,prior-year column; not a first print (DR-04)
TTM_2024-06-30,payments_volume_nominal_us,6387.0,usd_billions,nominal,us,measured,primary,0001403161-24-000058/v-20240930.htm,720764,720769,"6,387",Total nominal payments volume(2),current,
TTM_2024-06-30,total_volume_nominal_us,14541.0,usd_billions,nominal,global,measured,primary,0001403161-24-000058/v-20240930.htm,737145,737151,"14,541","Total nominal volume(2),(6)",comparative,prior-year column; not a first print (DR-04)
TTM_2024-06-30,total_volume_nominal_us,15480.0,usd_billions,nominal,global,measured,primary,0001403161-24-000058/v-20240930.htm,736247,736253,"15,480","Total nominal volume(2),(6)",current,
TTM_2024-06-30,total_volume_nominal_us,7886.0,usd_billions,nominal,international,measured,primary,0001403161-24-000058/v-20240930.htm,734948,734953,"7,886","Total nominal volume(2),(6)",comparative,prior-year column; not a first print (DR-04)
TTM_2024-06-30,total_volume_nominal_us,8489.0,usd_billions,nominal,international,measured,primary,0001403161-24-000058/v-20240930.htm,734051,734056,"8,489","Total nominal volume(2),(6)",current,
TTM_2024-06-30,total_volume_nominal_us,6654.0,usd_billions,nominal,us,measured,primary,0001403161-24-000058/v-20240930.htm,732752,732757,"6,654","Total nominal volume(2),(6)",comparative,prior-year column; not a first print (DR-04)
TTM_2024-06-30,total_volume_nominal_us,6991.0,usd_billions,nominal,us,measured,primary,0001403161-24-000058/v-20240930.htm,731855,731860,"6,991","Total nominal volume(2),(6)",current,
TTM_2025-06-30,cash_volume_nominal_us,2502.0,usd_billions,nominal,global,measured,primary,0001403161-25-000089/v-20250930.htm,768687,768692,"2,502",Cash volume(5),comparative,prior-year column; not a first print (DR-04)
TTM_2025-06-30,cash_volume_nominal_us,2489.0,usd_billions,nominal,global,measured,primary,0001403161-25-000089/v-20250930.htm,768172,768177,"2,489",Cash volume(5),current,
TTM_2025-06-30,cash_volume_nominal_us,1898.0,usd_billions,nominal,international,measured,primary,0001403161-25-000089/v-20250930.htm,767368,767373,"1,898",Cash volume(5),comparative,prior-year column; not a first print (DR-04)
TTM_2025-06-30,cash_volume_nominal_us,1891.0,usd_billions,nominal,international,measured,primary,0001403161-25-000089/v-20250930.htm,766853,766858,"1,891",Cash volume(5),current,
TTM_2025-06-30,cash_volume_nominal_us,604.0,usd_billions,nominal,us,measured,primary,0001403161-25-000089/v-20250930.htm,766053,766056,604,Cash volume(5),comparative,prior-year column; not a first print (DR-04)
TTM_2025-06-30,cash_volume_nominal_us,599.0,usd_billions,nominal,us,measured,primary,0001403161-25-000089/v-20250930.htm,765540,765543,599,Cash volume(5),current,
TTM_2025-06-30,payments_volume_nominal_us,12988.0,usd_billions,nominal,global,measured,primary,0001403161-25-000089/v-20250930.htm,764063,764069,"12,988",Total nominal payments volume(4),comparative,prior-year column; not a first print (DR-04)
TTM_2025-06-30,payments_volume_nominal_us,13894.0,usd_billions,nominal,global,measured,primary,0001403161-25-000089/v-20250930.htm,763264,763270,"13,894",Total nominal payments volume(4),current,
TTM_2025-06-30,payments_volume_nominal_us,6600.0,usd_billions,nominal,international,measured,primary,0001403161-25-000089/v-20250930.htm,761894,761899,"6,600",Total nominal payments volume(4),comparative,prior-year column; not a first print (DR-04)
TTM_2025-06-30,payments_volume_nominal_us,7106.0,usd_billions,nominal,international,measured,primary,0001403161-25-000089/v-20250930.htm,761096,761101,"7,106",Total nominal payments volume(4),current,
TTM_2025-06-30,payments_volume_nominal_us,6388.0,usd_billions,nominal,us,measured,primary,0001403161-25-000089/v-20250930.htm,759726,759731,"6,388",Total nominal payments volume(4),comparative,prior-year column; not a first print (DR-04)
TTM_2025-06-30,payments_volume_nominal_us,6788.0,usd_billions,nominal,us,measured,primary,0001403161-25-000089/v-20250930.htm,758928,758933,"6,788",Total nominal payments volume(4),current,
TTM_2025-06-30,total_volume_nominal_us,15490.0,usd_billions,nominal,global,measured,primary,0001403161-25-000089/v-20250930.htm,776010,776016,"15,490",Total nominal volume(4)(6),comparative,prior-year column; not a first print (DR-04)
TTM_2025-06-30,total_volume_nominal_us,16383.0,usd_billions,nominal,global,measured,primary,0001403161-25-000089/v-20250930.htm,775112,775118,"16,383",Total nominal volume(4)(6),current,
TTM_2025-06-30,total_volume_nominal_us,8499.0,usd_billions,nominal,international,measured,primary,0001403161-25-000089/v-20250930.htm,773544,773549,"8,499",Total nominal volume(4)(6),comparative,prior-year column; not a first print (DR-04)
TTM_2025-06-30,total_volume_nominal_us,8996.0,usd_billions,nominal,international,measured,primary,0001403161-25-000089/v-20250930.htm,772647,772652,"8,996",Total nominal volume(4)(6),current,
TTM_2025-06-30,total_volume_nominal_us,6991.0,usd_billions,nominal,us,measured,primary,0001403161-25-000089/v-20250930.htm,771079,771084,"6,991",Total nominal volume(4)(6),comparative,prior-year column; not a first print (DR-04)
TTM_2025-06-30,total_volume_nominal_us,7387.0,usd_billions,nominal,us,measured,primary,0001403161-25-000089/v-20250930.htm,770182,770187,"7,387",Total nominal volume(4)(6),current,
